2026-10-08 21:19:16,101 | INFO     | src.utils.logger | ========== CHUNK REFINEMENT STARTED ==========
2026-10-08 21:19:16,102 | INFO     | src.utils.logger | Loading chunks from: D:\RAG\data\chunks\chunks.json
2026-10-08 21:19:16,103 | INFO     | src.utils.logger | Successfully loaded 102 chunks.
2026-10-08 21:19:16,104 | DEBUG    | src.utils.logger | Chunk 01_student_handbook_chunk_1 is within size limit: 37 characters.
2026-10-08 21:19:16,104 | DEBUG    | src.utils.logger | Chunk 01_student_handbook_chunk_2 is within size limit: 374 characters.
2026-10-08 21:19:16,104 | DEBUG    | src.utils.logger | Chunk 01_student_handbook_chunk_3 is within size limit: 331 characters.
2026-10-08 21:19:16,104 | DEBUG    | src.utils.logger | Chunk 01_student_handbook_chunk_4 is within size limit: 796 characters.
2026-10-08 21:19:16,112 | DEBUG    | src.utils.logger | Chunk 01_student_handbook_chunk_5 is within size limit: 908 characters.
2026-10-08 21:19:16,112 | DEBUG    | src.utils.logger | Chunk 01_student_handbook_chunk_6 is within size limit: 652 characters.
2026-10-08 21:19:16,112 | DEBUG    | src.utils.logger | Chunk 01_student_handbook_chunk_7 is within size limit: 1116 characters.
2026-10-08 21:19:16,113 | DEBUG    | src.utils.logger | Chunk 01_student_handbook_chunk_8 is within size limit: 796 characters.
2026-10-08 21:19:16,113 | DEBUG    | src.utils.logger | Chunk 01_student_handbook_chunk_9 is within size limit: 963 characters.
2026-10-08 21:19:16,113 | DEBUG    | src.utils.logger | Chunk 01_student_handbook_chunk_10 is within size limit: 533 characters.
2026-10-08 21:19:16,113 | DEBUG    | src.utils.logger | Chunk 01_student_handbook_chunk_11 is within size limit: 562 characters.
2026-10-08 21:19:16,113 | DEBUG    | src.utils.logger | Chunk 01_student_handbook_chunk_12 is within size limit: 476 characters.
2026-10-08 21:19:16,113 | DEBUG    | src.utils.logger | Chunk 01_student_handbook_chunk_13 is within size limit: 526 characters.
2026-10-08 21:19:16,113 | DEBUG    | src.utils.logger | Chunk 01_student_handbook_chunk_14 is within size limit: 351 characters.
2026-10-08 21:19:16,113 | DEBUG    | src.utils.logger | Chunk 02_academic_regulations_chunk_1 is within size limit: 37 characters.
2026-10-08 21:19:16,113 | DEBUG    | src.utils.logger | Chunk 02_academic_regulations_chunk_2 is within size limit: 1157 characters.
2026-10-08 21:19:16,113 | DEBUG    | src.utils.logger | Chunk 02_academic_regulations_chunk_3 is within size limit: 2027 characters.
2026-10-08 21:19:16,113 | DEBUG    | src.utils.logger | Chunk 02_academic_regulations_chunk_4 is within size limit: 780 characters.
2026-10-08 21:19:16,113 | DEBUG    | src.utils.logger | Chunk 02_academic_regulations_chunk_5 is within size limit: 733 characters.
2026-10-08 21:19:16,113 | DEBUG    | src.utils.logger | Chunk 02_academic_regulations_chunk_6 is within size limit: 19 characters.
2026-10-08 21:19:16,113 | DEBUG    | src.utils.logger | Chunk 02_academic_regulations_chunk_7 is within size limit: 11 characters.
2026-10-08 21:19:16,113 | DEBUG    | src.utils.logger | Chunk 02_academic_regulations_chunk_8 is within size limit: 1009 characters.
2026-10-08 21:19:16,113 | DEBUG    | src.utils.logger | Chunk 02_academic_regulations_chunk_9 is within size limit: 858 characters.
2026-10-08 21:19:16,113 | DEBUG    | src.utils.logger | Chunk 02_academic_regulations_chunk_10 is within size limit: 2039 characters.
2026-10-08 21:19:16,113 | DEBUG    | src.utils.logger | Chunk 02_academic_regulations_chunk_11 is within size limit: 315 characters.
2026-10-08 21:19:16,113 | DEBUG    | src.utils.logger | Chunk 02_academic_regulations_chunk_12 is within size limit: 11 characters.
2026-10-08 21:19:16,113 | DEBUG    | src.utils.logger | Chunk 02_academic_regulations_chunk_13 is within size limit: 3388 characters.
2026-10-08 21:19:16,113 | DEBUG    | src.utils.logger | Chunk 02_academic_regulations_chunk_14 is within size limit: 1321 characters.
2026-10-08 21:19:16,113 | DEBUG    | src.utils.logger | Chunk 02_academic_regulations_chunk_15 is within size limit: 2200 characters.
2026-10-08 21:19:16,114 | DEBUG    | src.utils.logger | Chunk 02_academic_regulations_chunk_16 is within size limit: 1768 characters.
2026-10-08 21:19:16,114 | DEBUG    | src.utils.logger | Chunk 02_academic_regulations_chunk_17 is within size limit: 989 characters.
2026-10-08 21:19:16,114 | DEBUG    | src.utils.logger | Chunk 02_academic_regulations_chunk_18 is within size limit: 11 characters.
2026-10-08 21:19:16,114 | DEBUG    | src.utils.logger | Chunk 02_academic_regulations_chunk_19 is within size limit: 371 characters.
2026-10-08 21:19:16,114 | DEBUG    | src.utils.logger | Chunk 02_academic_regulations_chunk_20 is within size limit: 1639 characters.
2026-10-08 21:19:16,114 | DEBUG    | src.utils.logger | Chunk 02_academic_regulations_chunk_21 is within size limit: 1516 characters.
2026-10-08 21:19:16,114 | DEBUG    | src.utils.logger | Chunk 02_academic_regulations_chunk_22 is within size limit: 1599 characters.
2026-10-08 21:19:16,114 | DEBUG    | src.utils.logger | Chunk 02_academic_regulations_chunk_23 is within size limit: 1693 characters.
2026-10-08 21:19:16,114 | DEBUG    | src.utils.logger | Chunk 02_academic_regulations_chunk_24 is within size limit: 11 characters.
2026-10-08 21:19:16,114 | DEBUG    | src.utils.logger | Chunk 02_academic_regulations_chunk_25 is within size limit: 693 characters.
2026-10-08 21:19:16,114 | DEBUG    | src.utils.logger | Chunk 02_academic_regulations_chunk_26 is within size limit: 1256 characters.
2026-10-08 21:19:16,114 | DEBUG    | src.utils.logger | Chunk 02_academic_regulations_chunk_27 is within size limit: 2388 characters.
2026-10-08 21:19:16,114 | DEBUG    | src.utils.logger | Chunk 02_academic_regulations_chunk_28 is within size limit: 912 characters.
2026-10-08 21:19:16,114 | DEBUG    | src.utils.logger | Chunk 02_academic_regulations_chunk_29 is within size limit: 11 characters.
2026-10-08 21:19:16,114 | DEBUG    | src.utils.logger | Chunk 02_academic_regulations_chunk_30 is within size limit: 2160 characters.
2026-10-08 21:19:16,114 | DEBUG    | src.utils.logger | Chunk 02_academic_regulations_chunk_31 is within size limit: 1095 characters.
2026-10-08 21:19:16,114 | DEBUG    | src.utils.logger | Chunk 02_academic_regulations_chunk_32 is within size limit: 464 characters.
2026-10-08 21:19:16,114 | DEBUG    | src.utils.logger | Chunk 02_academic_regulations_chunk_33 is within size limit: 206 characters.
2026-10-08 21:19:16,114 | DEBUG    | src.utils.logger | Chunk 02_academic_regulations_chunk_34 is within size limit: 635 characters.
2026-10-08 21:19:16,114 | DEBUG    | src.utils.logger | Chunk 02_academic_regulations_chunk_35 is within size limit: 11 characters.
2026-10-08 21:19:16,114 | DEBUG    | src.utils.logger | Chunk 02_academic_regulations_chunk_36 is within size limit: 1314 characters.
2026-10-08 21:19:16,114 | DEBUG    | src.utils.logger | Chunk 02_academic_regulations_chunk_37 is within size limit: 240 characters.
2026-10-08 21:19:16,114 | DEBUG    | src.utils.logger | Chunk 02_academic_regulations_chunk_38 is within size limit: 1892 characters.
2026-10-08 21:19:16,114 | DEBUG    | src.utils.logger | Chunk 02_academic_regulations_chunk_39 is within size limit: 355 characters.
2026-10-08 21:19:16,114 | DEBUG    | src.utils.logger | Chunk 02_academic_regulations_chunk_40 is within size limit: 11 characters.
2026-10-08 21:19:16,114 | DEBUG    | src.utils.logger | Chunk 02_academic_regulations_chunk_41 is within size limit: 1928 characters.
2026-10-08 21:19:16,114 | DEBUG    | src.utils.logger | Chunk 02_academic_regulations_chunk_42 is within size limit: 865 characters.
2026-10-08 21:19:16,114 | DEBUG    | src.utils.logger | Chunk 02_academic_regulations_chunk_43 is within size limit: 334 characters.
2026-10-08 21:19:16,114 | DEBUG    | src.utils.logger | Chunk 02_academic_regulations_chunk_44 is within size limit: 12 characters.
2026-10-08 21:19:16,114 | DEBUG    | src.utils.logger | Chunk 02_academic_regulations_chunk_45 is within size limit: 2002 characters.
2026-10-08 21:19:16,114 | DEBUG    | src.utils.logger | Chunk 03_examination_guidelines_chunk_1 is within size limit: 37 characters.
2026-10-08 21:19:16,114 | DEBUG    | src.utils.logger | Chunk 03_examination_guidelines_chunk_2 is within size limit: 378 characters.
2026-10-08 21:19:16,114 | DEBUG    | src.utils.logger | Chunk 03_examination_guidelines_chunk_3 is within size limit: 343 characters.
2026-10-08 21:19:16,114 | DEBUG    | src.utils.logger | Chunk 03_examination_guidelines_chunk_4 is within size limit: 435 characters.
2026-10-08 21:19:16,115 | DEBUG    | src.utils.logger | Chunk 03_examination_guidelines_chunk_5 is within size limit: 879 characters.
2026-10-08 21:19:16,115 | DEBUG    | src.utils.logger | Chunk 03_examination_guidelines_chunk_6 is within size limit: 653 characters.
2026-10-08 21:19:16,115 | DEBUG    | src.utils.logger | Chunk 03_examination_guidelines_chunk_7 is within size limit: 415 characters.
2026-10-08 21:19:16,115 | DEBUG    | src.utils.logger | Chunk 03_examination_guidelines_chunk_8 is within size limit: 933 characters.
2026-10-08 21:19:16,115 | DEBUG    | src.utils.logger | Chunk 03_examination_guidelines_chunk_9 is within size limit: 463 characters.
2026-10-08 21:19:16,115 | DEBUG    | src.utils.logger | Chunk 03_examination_guidelines_chunk_10 is within size limit: 398 characters.
2026-10-08 21:19:16,115 | DEBUG    | src.utils.logger | Chunk 03_examination_guidelines_chunk_11 is within size limit: 795 characters.
2026-10-08 21:19:16,115 | DEBUG    | src.utils.logger | Chunk 03_examination_guidelines_chunk_12 is within size limit: 493 characters.
2026-10-08 21:19:16,115 | DEBUG    | src.utils.logger | Chunk 03_examination_guidelines_chunk_13 is within size limit: 353 characters.
2026-10-08 21:19:16,115 | DEBUG    | src.utils.logger | Chunk 03_examination_guidelines_chunk_14 is within size limit: 267 characters.
2026-10-08 21:19:16,115 | DEBUG    | src.utils.logger | Chunk 03_examination_guidelines_chunk_15 is within size limit: 245 characters.
2026-10-08 21:19:16,115 | DEBUG    | src.utils.logger | Chunk 04_fee_structure_chunk_1 is within size limit: 37 characters.
2026-10-08 21:19:16,115 | DEBUG    | src.utils.logger | Chunk 04_fee_structure_chunk_2 is within size limit: 371 characters.
2026-10-08 21:19:16,115 | DEBUG    | src.utils.logger | Chunk 04_fee_structure_chunk_3 is within size limit: 296 characters.
2026-10-08 21:19:16,115 | DEBUG    | src.utils.logger | Chunk 04_fee_structure_chunk_4 is within size limit: 425 characters.
2026-10-08 21:19:16,115 | DEBUG    | src.utils.logger | Chunk 04_fee_structure_chunk_5 is within size limit: 919 characters.
2026-10-08 21:19:16,115 | DEBUG    | src.utils.logger | Chunk 04_fee_structure_chunk_6 is within size limit: 614 characters.
2026-10-08 21:19:16,115 | DEBUG    | src.utils.logger | Chunk 04_fee_structure_chunk_7 is within size limit: 955 characters.
2026-10-08 21:19:16,115 | DEBUG    | src.utils.logger | Chunk 04_fee_structure_chunk_8 is within size limit: 880 characters.
2026-10-08 21:19:16,115 | DEBUG    | src.utils.logger | Chunk 04_fee_structure_chunk_9 is within size limit: 534 characters.
2026-10-08 21:19:16,115 | DEBUG    | src.utils.logger | Chunk 04_fee_structure_chunk_10 is within size limit: 575 characters.
2026-10-08 21:19:16,115 | DEBUG    | src.utils.logger | Chunk 04_fee_structure_chunk_11 is within size limit: 972 characters.
2026-10-08 21:19:16,115 | DEBUG    | src.utils.logger | Chunk 04_fee_structure_chunk_12 is within size limit: 246 characters.
2026-10-08 21:19:16,115 | DEBUG    | src.utils.logger | Chunk 04_fee_structure_chunk_13 is within size limit: 451 characters.
2026-10-08 21:19:16,115 | DEBUG    | src.utils.logger | Chunk 04_fee_structure_chunk_14 is within size limit: 357 characters.
2026-10-08 21:19:16,115 | DEBUG    | src.utils.logger | Chunk 05_scholarship_guidelines_chunk_1 is within size limit: 37 characters.
2026-10-08 21:19:16,115 | DEBUG    | src.utils.logger | Chunk 05_scholarship_guidelines_chunk_2 is within size limit: 369 characters.
2026-10-08 21:19:16,115 | DEBUG    | src.utils.logger | Chunk 05_scholarship_guidelines_chunk_3 is within size limit: 322 characters.
2026-10-08 21:19:16,115 | DEBUG    | src.utils.logger | Chunk 05_scholarship_guidelines_chunk_4 is within size limit: 512 characters.
2026-10-08 21:19:16,116 | DEBUG    | src.utils.logger | Chunk 05_scholarship_guidelines_chunk_5 is within size limit: 931 characters.
2026-10-08 21:19:16,116 | DEBUG    | src.utils.logger | Chunk 05_scholarship_guidelines_chunk_6 is within size limit: 1091 characters.
2026-10-08 21:19:16,116 | DEBUG    | src.utils.logger | Chunk 05_scholarship_guidelines_chunk_7 is within size limit: 738 characters.
2026-10-08 21:19:16,116 | DEBUG    | src.utils.logger | Chunk 05_scholarship_guidelines_chunk_8 is within size limit: 629 characters.
2026-10-08 21:19:16,116 | DEBUG    | src.utils.logger | Chunk 05_scholarship_guidelines_chunk_9 is within size limit: 1017 characters.
2026-10-08 21:19:16,116 | DEBUG    | src.utils.logger | Chunk 05_scholarship_guidelines_chunk_10 is within size limit: 776 characters.
2026-10-08 21:19:16,116 | DEBUG    | src.utils.logger | Chunk 05_scholarship_guidelines_chunk_11 is within size limit: 1102 characters.
2026-10-08 21:19:16,116 | DEBUG    | src.utils.logger | Chunk 05_scholarship_guidelines_chunk_12 is within size limit: 432 characters.
2026-10-08 21:19:16,116 | DEBUG    | src.utils.logger | Chunk 05_scholarship_guidelines_chunk_13 is within size limit: 265 characters.
2026-10-08 21:19:16,116 | DEBUG    | src.utils.logger | Chunk 05_scholarship_guidelines_chunk_14 is within size limit: 360 characters.
2026-10-08 21:19:16,119 | INFO     | src.utils.logger | ========== CHUNK REFINEMENT COMPLETED ==========
2026-10-08 21:19:16,119 | INFO     | src.utils.logger | Original chunks     : 102
2026-10-08 21:19:16,119 | INFO     | src.utils.logger | Processed chunks    : 102
2026-10-08 21:19:16,119 | INFO     | src.utils.logger | Skipped chunks      : 0
2026-10-08 21:19:16,119 | INFO     | src.utils.logger | Failed chunks       : 0
2026-10-08 21:19:16,119 | INFO     | src.utils.logger | Oversized chunks    : 0
2026-10-08 21:19:16,119 | INFO     | src.utils.logger | Final chunks        : 102
2026-10-08 21:19:16,119 | INFO     | src.utils.logger | Still oversized     : 0
2026-10-08 21:19:16,120 | INFO     | src.utils.logger | Output file         : D:\RAG\data\chunks\final_chunks.json
2026-10-08 21:39:29,780 | INFO     | src.utils.logger | ========== CHUNK REFINEMENT STARTED ==========
2026-10-08 21:39:29,780 | INFO     | src.utils.logger | Loading chunks from: D:\RAG\data\chunks\chunks.json
2026-10-08 21:39:29,782 | INFO     | src.utils.logger | Successfully loaded 102 chunks.
2026-10-08 21:39:29,782 | DEBUG    | src.utils.logger | Chunk 01_student_handbook_chunk_1 is within size limit: 37 characters.
2026-10-08 21:39:29,782 | DEBUG    | src.utils.logger | Chunk 01_student_handbook_chunk_2 is within size limit: 374 characters.
2026-10-08 21:39:29,782 | DEBUG    | src.utils.logger | Chunk 01_student_handbook_chunk_3 is within size limit: 331 characters.
2026-10-08 21:39:29,782 | DEBUG    | src.utils.logger | Chunk 01_student_handbook_chunk_4 is within size limit: 796 characters.
2026-10-08 21:39:29,782 | DEBUG    | src.utils.logger | Chunk 01_student_handbook_chunk_5 is within size limit: 908 characters.
2026-10-08 21:39:29,782 | DEBUG    | src.utils.logger | Chunk 01_student_handbook_chunk_6 is within size limit: 652 characters.
2026-10-08 21:39:29,782 | DEBUG    | src.utils.logger | Chunk 01_student_handbook_chunk_7 is within size limit: 1116 characters.
2026-10-08 21:39:29,782 | DEBUG    | src.utils.logger | Chunk 01_student_handbook_chunk_8 is within size limit: 796 characters.
2026-10-08 21:39:29,782 | DEBUG    | src.utils.logger | Chunk 01_student_handbook_chunk_9 is within size limit: 963 characters.
2026-10-08 21:39:29,782 | DEBUG    | src.utils.logger | Chunk 01_student_handbook_chunk_10 is within size limit: 533 characters.
2026-10-08 21:39:29,782 | DEBUG    | src.utils.logger | Chunk 01_student_handbook_chunk_11 is within size limit: 562 characters.
2026-10-08 21:39:29,782 | DEBUG    | src.utils.logger | Chunk 01_student_handbook_chunk_12 is within size limit: 476 characters.
2026-10-08 21:39:29,782 | DEBUG    | src.utils.logger | Chunk 01_student_handbook_chunk_13 is within size limit: 526 characters.
2026-10-08 21:39:29,782 | DEBUG    | src.utils.logger | Chunk 01_student_handbook_chunk_14 is within size limit: 351 characters.
2026-10-08 21:39:29,782 | DEBUG    | src.utils.logger | Chunk 02_academic_regulations_chunk_1 is within size limit: 37 characters.
2026-10-08 21:39:29,782 | DEBUG    | src.utils.logger | Chunk 02_academic_regulations_chunk_2 is within size limit: 1157 characters.
2026-10-08 21:39:29,782 | DEBUG    | src.utils.logger | Chunk 02_academic_regulations_chunk_3 is within size limit: 2027 characters.
2026-10-08 21:39:29,782 | DEBUG    | src.utils.logger | Chunk 02_academic_regulations_chunk_4 is within size limit: 780 characters.
2026-10-08 21:39:29,782 | DEBUG    | src.utils.logger | Chunk 02_academic_regulations_chunk_5 is within size limit: 733 characters.
2026-10-08 21:39:29,782 | DEBUG    | src.utils.logger | Chunk 02_academic_regulations_chunk_6 is within size limit: 19 characters.
2026-10-08 21:39:29,782 | DEBUG    | src.utils.logger | Chunk 02_academic_regulations_chunk_7 is within size limit: 11 characters.
2026-10-08 21:39:29,782 | DEBUG    | src.utils.logger | Chunk 02_academic_regulations_chunk_8 is within size limit: 1009 characters.
2026-10-08 21:39:29,782 | DEBUG    | src.utils.logger | Chunk 02_academic_regulations_chunk_9 is within size limit: 858 characters.
2026-10-08 21:39:29,782 | DEBUG    | src.utils.logger | Chunk 02_academic_regulations_chunk_10 is within size limit: 2039 characters.
2026-10-08 21:39:29,783 | DEBUG    | src.utils.logger | Chunk 02_academic_regulations_chunk_11 is within size limit: 315 characters.
2026-10-08 21:39:29,783 | DEBUG    | src.utils.logger | Chunk 02_academic_regulations_chunk_12 is within size limit: 11 characters.
2026-10-08 21:39:29,783 | DEBUG    | src.utils.logger | Chunk 02_academic_regulations_chunk_13 is within size limit: 3388 characters.
2026-10-08 21:39:29,783 | DEBUG    | src.utils.logger | Chunk 02_academic_regulations_chunk_14 is within size limit: 1321 characters.
2026-10-08 21:39:29,783 | DEBUG    | src.utils.logger | Chunk 02_academic_regulations_chunk_15 is within size limit: 2200 characters.
2026-10-08 21:39:29,783 | DEBUG    | src.utils.logger | Chunk 02_academic_regulations_chunk_16 is within size limit: 1768 characters.
2026-10-08 21:39:29,783 | DEBUG    | src.utils.logger | Chunk 02_academic_regulations_chunk_17 is within size limit: 989 characters.
2026-10-08 21:39:29,783 | DEBUG    | src.utils.logger | Chunk 02_academic_regulations_chunk_18 is within size limit: 11 characters.
2026-10-08 21:39:29,783 | DEBUG    | src.utils.logger | Chunk 02_academic_regulations_chunk_19 is within size limit: 371 characters.
2026-10-08 21:39:29,783 | DEBUG    | src.utils.logger | Chunk 02_academic_regulations_chunk_20 is within size limit: 1639 characters.
2026-10-08 21:39:29,783 | DEBUG    | src.utils.logger | Chunk 02_academic_regulations_chunk_21 is within size limit: 1516 characters.
2026-10-08 21:39:29,783 | DEBUG    | src.utils.logger | Chunk 02_academic_regulations_chunk_22 is within size limit: 1599 characters.
2026-10-08 21:39:29,783 | DEBUG    | src.utils.logger | Chunk 02_academic_regulations_chunk_23 is within size limit: 1693 characters.
2026-10-08 21:39:29,783 | DEBUG    | src.utils.logger | Chunk 02_academic_regulations_chunk_24 is within size limit: 11 characters.
2026-10-08 21:39:29,783 | DEBUG    | src.utils.logger | Chunk 02_academic_regulations_chunk_25 is within size limit: 693 characters.
2026-10-08 21:39:29,783 | DEBUG    | src.utils.logger | Chunk 02_academic_regulations_chunk_26 is within size limit: 1256 characters.
2026-10-08 21:39:29,783 | DEBUG    | src.utils.logger | Chunk 02_academic_regulations_chunk_27 is within size limit: 2388 characters.
2026-10-08 21:39:29,783 | DEBUG    | src.utils.logger | Chunk 02_academic_regulations_chunk_28 is within size limit: 912 characters.
2026-10-08 21:39:29,783 | DEBUG    | src.utils.logger | Chunk 02_academic_regulations_chunk_29 is within size limit: 11 characters.
2026-10-08 21:39:29,783 | DEBUG    | src.utils.logger | Chunk 02_academic_regulations_chunk_30 is within size limit: 2160 characters.
2026-10-08 21:39:29,783 | DEBUG    | src.utils.logger | Chunk 02_academic_regulations_chunk_31 is within size limit: 1095 characters.
2026-10-08 21:39:29,783 | DEBUG    | src.utils.logger | Chunk 02_academic_regulations_chunk_32 is within size limit: 464 characters.
2026-10-08 21:39:29,783 | DEBUG    | src.utils.logger | Chunk 02_academic_regulations_chunk_33 is within size limit: 206 characters.
2026-10-08 21:39:29,783 | DEBUG    | src.utils.logger | Chunk 02_academic_regulations_chunk_34 is within size limit: 635 characters.
2026-10-08 21:39:29,783 | DEBUG    | src.utils.logger | Chunk 02_academic_regulations_chunk_35 is within size limit: 11 characters.
2026-10-08 21:39:29,783 | DEBUG    | src.utils.logger | Chunk 02_academic_regulations_chunk_36 is within size limit: 1314 characters.
2026-10-08 21:39:29,783 | DEBUG    | src.utils.logger | Chunk 02_academic_regulations_chunk_37 is within size limit: 240 characters.
2026-10-08 21:39:29,783 | DEBUG    | src.utils.logger | Chunk 02_academic_regulations_chunk_38 is within size limit: 1892 characters.
2026-10-08 21:39:29,783 | DEBUG    | src.utils.logger | Chunk 02_academic_regulations_chunk_39 is within size limit: 355 characters.
2026-10-08 21:39:29,783 | DEBUG    | src.utils.logger | Chunk 02_academic_regulations_chunk_40 is within size limit: 11 characters.
2026-10-08 21:39:29,783 | DEBUG    | src.utils.logger | Chunk 02_academic_regulations_chunk_41 is within size limit: 1928 characters.
2026-10-08 21:39:29,783 | DEBUG    | src.utils.logger | Chunk 02_academic_regulations_chunk_42 is within size limit: 865 characters.
2026-10-08 21:39:29,783 | DEBUG    | src.utils.logger | Chunk 02_academic_regulations_chunk_43 is within size limit: 334 characters.
2026-10-08 21:39:29,783 | DEBUG    | src.utils.logger | Chunk 02_academic_regulations_chunk_44 is within size limit: 12 characters.
2026-10-08 21:39:29,783 | DEBUG    | src.utils.logger | Chunk 02_academic_regulations_chunk_45 is within size limit: 2002 characters.
2026-10-08 21:39:29,783 | DEBUG    | src.utils.logger | Chunk 03_examination_guidelines_chunk_1 is within size limit: 37 characters.
2026-10-08 21:39:29,783 | DEBUG    | src.utils.logger | Chunk 03_examination_guidelines_chunk_2 is within size limit: 378 characters.
2026-10-08 21:39:29,783 | DEBUG    | src.utils.logger | Chunk 03_examination_guidelines_chunk_3 is within size limit: 343 characters.
2026-10-08 21:39:29,783 | DEBUG    | src.utils.logger | Chunk 03_examination_guidelines_chunk_4 is within size limit: 435 characters.
2026-10-08 21:39:29,783 | DEBUG    | src.utils.logger | Chunk 03_examination_guidelines_chunk_5 is within size limit: 879 characters.
2026-10-08 21:39:29,783 | DEBUG    | src.utils.logger | Chunk 03_examination_guidelines_chunk_6 is within size limit: 653 characters.
2026-10-08 21:39:29,783 | DEBUG    | src.utils.logger | Chunk 03_examination_guidelines_chunk_7 is within size limit: 415 characters.
2026-10-08 21:39:29,783 | DEBUG    | src.utils.logger | Chunk 03_examination_guidelines_chunk_8 is within size limit: 933 characters.
2026-10-08 21:39:29,783 | DEBUG    | src.utils.logger | Chunk 03_examination_guidelines_chunk_9 is within size limit: 463 characters.
2026-10-08 21:39:29,783 | DEBUG    | src.utils.logger | Chunk 03_examination_guidelines_chunk_10 is within size limit: 398 characters.
2026-10-08 21:39:29,783 | DEBUG    | src.utils.logger | Chunk 03_examination_guidelines_chunk_11 is within size limit: 795 characters.
2026-10-08 21:39:29,784 | DEBUG    | src.utils.logger | Chunk 03_examination_guidelines_chunk_12 is within size limit: 493 characters.
2026-10-08 21:39:29,784 | DEBUG    | src.utils.logger | Chunk 03_examination_guidelines_chunk_13 is within size limit: 353 characters.
2026-10-08 21:39:29,784 | DEBUG    | src.utils.logger | Chunk 03_examination_guidelines_chunk_14 is within size limit: 267 characters.
2026-10-08 21:39:29,784 | DEBUG    | src.utils.logger | Chunk 03_examination_guidelines_chunk_15 is within size limit: 245 characters.
2026-10-08 21:39:29,784 | DEBUG    | src.utils.logger | Chunk 04_fee_structure_chunk_1 is within size limit: 37 characters.
2026-10-08 21:39:29,784 | DEBUG    | src.utils.logger | Chunk 04_fee_structure_chunk_2 is within size limit: 371 characters.
2026-10-08 21:39:29,784 | DEBUG    | src.utils.logger | Chunk 04_fee_structure_chunk_3 is within size limit: 296 characters.
2026-10-08 21:39:29,784 | DEBUG    | src.utils.logger | Chunk 04_fee_structure_chunk_4 is within size limit: 425 characters.
2026-10-08 21:39:29,784 | DEBUG    | src.utils.logger | Chunk 04_fee_structure_chunk_5 is within size limit: 919 characters.
2026-10-08 21:39:29,784 | DEBUG    | src.utils.logger | Chunk 04_fee_structure_chunk_6 is within size limit: 614 characters.
2026-10-08 21:39:29,784 | DEBUG    | src.utils.logger | Chunk 04_fee_structure_chunk_7 is within size limit: 955 characters.
2026-10-08 21:39:29,784 | DEBUG    | src.utils.logger | Chunk 04_fee_structure_chunk_8 is within size limit: 880 characters.
2026-10-08 21:39:29,784 | DEBUG    | src.utils.logger | Chunk 04_fee_structure_chunk_9 is within size limit: 534 characters.
2026-10-08 21:39:29,784 | DEBUG    | src.utils.logger | Chunk 04_fee_structure_chunk_10 is within size limit: 575 characters.
2026-10-08 21:39:29,784 | DEBUG    | src.utils.logger | Chunk 04_fee_structure_chunk_11 is within size limit: 972 characters.
2026-10-08 21:39:29,784 | DEBUG    | src.utils.logger | Chunk 04_fee_structure_chunk_12 is within size limit: 246 characters.
2026-10-08 21:39:29,784 | DEBUG    | src.utils.logger | Chunk 04_fee_structure_chunk_13 is within size limit: 451 characters.
2026-10-08 21:39:29,784 | DEBUG    | src.utils.logger | Chunk 04_fee_structure_chunk_14 is within size limit: 357 characters.
2026-10-08 21:39:29,784 | DEBUG    | src.utils.logger | Chunk 05_scholarship_guidelines_chunk_1 is within size limit: 37 characters.
2026-10-08 21:39:29,784 | DEBUG    | src.utils.logger | Chunk 05_scholarship_guidelines_chunk_2 is within size limit: 369 characters.
2026-10-08 21:39:29,784 | DEBUG    | src.utils.logger | Chunk 05_scholarship_guidelines_chunk_3 is within size limit: 322 characters.
2026-10-08 21:39:29,784 | DEBUG    | src.utils.logger | Chunk 05_scholarship_guidelines_chunk_4 is within size limit: 512 characters.
2026-10-08 21:39:29,784 | DEBUG    | src.utils.logger | Chunk 05_scholarship_guidelines_chunk_5 is within size limit: 931 characters.
2026-10-08 21:39:29,784 | DEBUG    | src.utils.logger | Chunk 05_scholarship_guidelines_chunk_6 is within size limit: 1091 characters.
2026-10-08 21:39:29,784 | DEBUG    | src.utils.logger | Chunk 05_scholarship_guidelines_chunk_7 is within size limit: 738 characters.
2026-10-08 21:39:29,784 | DEBUG    | src.utils.logger | Chunk 05_scholarship_guidelines_chunk_8 is within size limit: 629 characters.
2026-10-08 21:39:29,784 | DEBUG    | src.utils.logger | Chunk 05_scholarship_guidelines_chunk_9 is within size limit: 1017 characters.
2026-10-08 21:39:29,784 | DEBUG    | src.utils.logger | Chunk 05_scholarship_guidelines_chunk_10 is within size limit: 776 characters.
2026-10-08 21:39:29,784 | DEBUG    | src.utils.logger | Chunk 05_scholarship_guidelines_chunk_11 is within size limit: 1102 characters.
2026-10-08 21:39:29,784 | DEBUG    | src.utils.logger | Chunk 05_scholarship_guidelines_chunk_12 is within size limit: 432 characters.
2026-10-08 21:39:29,784 | DEBUG    | src.utils.logger | Chunk 05_scholarship_guidelines_chunk_13 is within size limit: 265 characters.
2026-10-08 21:39:29,784 | DEBUG    | src.utils.logger | Chunk 05_scholarship_guidelines_chunk_14 is within size limit: 360 characters.
2026-10-08 21:39:29,788 | INFO     | src.utils.logger | ========== CHUNK REFINEMENT COMPLETED ==========
2026-10-08 21:39:29,788 | INFO     | src.utils.logger | Original chunks     : 102
2026-10-08 21:39:29,788 | INFO     | src.utils.logger | Processed chunks    : 102
2026-10-08 21:39:29,788 | INFO     | src.utils.logger | Skipped chunks      : 0
2026-10-08 21:39:29,788 | INFO     | src.utils.logger | Failed chunks       : 0
2026-10-08 21:39:29,788 | INFO     | src.utils.logger | Oversized chunks    : 0
2026-10-08 21:39:29,788 | INFO     | src.utils.logger | Final chunks        : 102
2026-10-08 21:39:29,788 | INFO     | src.utils.logger | Still oversized     : 0
2026-10-08 21:39:29,788 | INFO     | src.utils.logger | Output file         : D:\RAG\data\chunks\final_chunks.json
2026-10-08 21:55:44,949 | INFO     | src.utils.logger | ========== EMBEDDING PIPELINE STARTED ==========
2026-10-08 21:55:44,949 | INFO     | src.utils.logger | Initializing Ollama embedding model: qwen3-embedding:0.6b
2026-10-08 21:55:45,396 | INFO     | src.utils.logger | No existing vector store found.
2026-10-08 21:55:45,396 | INFO     | src.utils.logger | Loading chunks from: D:\RAG\data\chunks\final_chunks.json
2026-10-08 21:55:45,398 | INFO     | src.utils.logger | Successfully created 102 LangChain documents.
2026-10-08 21:55:45,398 | INFO     | src.utils.logger | Creating FAISS vector store for 102 documents.
2026-10-08 21:55:45,399 | DEBUG    | httpcore.connection | connect_tcp.started host='127.0.0.1' port=11434 local_address=None timeout=None socket_options=None
2026-10-08 21:55:45,400 | DEBUG    | httpcore.connection | connect_tcp.complete return_value=<httpcore._backends.sync.SyncStream object at 0x0000029DBA0E0290>
2026-10-08 21:55:45,400 | DEBUG    | httpcore.http11 | send_request_headers.started request=<Request [b'POST']>
2026-10-08 21:55:45,400 | DEBUG    | httpcore.http11 | send_request_headers.complete
2026-10-08 21:55:45,400 | DEBUG    | httpcore.http11 | send_request_body.started request=<Request [b'POST']>
2026-10-08 21:55:45,401 | DEBUG    | httpcore.http11 | send_request_body.complete
2026-10-08 21:55:45,401 | DEBUG    | httpcore.http11 | receive_response_headers.started request=<Request [b'POST']>
2026-10-08 21:55:53,038 | DEBUG    | httpcore.http11 | receive_response_headers.complete return_value=(b'HTTP/1.1', 200, b'OK', [(b'Content-Type', b'application/json; charset=utf-8'), (b'Date', b'Thu, 08 Oct 2026 16:25:53 GMT'), (b'Transfer-Encoding', b'chunked')])
2026-10-08 21:55:53,039 | INFO     | httpx | HTTP Request: POST http://127.0.0.1:11434/api/embed "HTTP/1.1 200 OK"
2026-10-08 21:55:53,039 | DEBUG    | httpcore.http11 | receive_response_body.started request=<Request [b'POST']>
2026-10-08 21:55:53,041 | DEBUG    | httpcore.http11 | receive_response_body.complete
2026-10-08 21:55:53,041 | DEBUG    | httpcore.http11 | response_closed.started
2026-10-08 21:55:53,041 | DEBUG    | httpcore.http11 | response_closed.complete
2026-10-08 21:55:53,060 | ERROR    | src.utils.logger | Failed to create FAISS vector store.
Traceback (most recent call last):
  File "D:\RAG\.venv\Lib\site-packages\langchain_community\vectorstores\faiss.py", line 56, in dependable_faiss_import
    import faiss
ModuleNotFoundError: No module named 'faiss'

During handling of the above exception, another exception occurred:

Traceback (most recent call last):
  File "D:\RAG\src\dcoument_pipeline\embedding.py", line 223, in create_vector_store
    vector_store = FAISS.from_documents(
                   ^^^^^^^^^^^^^^^^^^^^^
  File "D:\RAG\.venv\Lib\site-packages\langchain_core\vectorstores\base.py", line 814, in from_documents
    return cls.from_texts(texts, embedding, metadatas=metadatas, **kwargs)
           ^^^^^^^^^^^^^^^^^^^^^^^^^^^^^^^^^^^^^^^^^^^^^^^^^^^^^^^^^^^^^^^
  File "D:\RAG\.venv\Lib\site-packages\langchain_community\vectorstores\faiss.py", line 1044, in from_texts
    return cls.__from(
           ^^^^^^^^^^^
  File "D:\RAG\.venv\Lib\site-packages\langchain_community\vectorstores\faiss.py", line 996, in __from
    faiss = dependable_faiss_import()
            ^^^^^^^^^^^^^^^^^^^^^^^^^
  File "D:\RAG\.venv\Lib\site-packages\langchain_community\vectorstores\faiss.py", line 58, in dependable_faiss_import
    raise ImportError(
ImportError: Could not import faiss python package. Please install it with `pip install faiss-gpu` (for CUDA supported GPU) or `pip install faiss-cpu` (depending on Python version).
2026-10-08 21:55:53,061 | ERROR    | src.utils.logger | Embedding pipeline failed.
Traceback (most recent call last):
  File "D:\RAG\.venv\Lib\site-packages\langchain_community\vectorstores\faiss.py", line 56, in dependable_faiss_import
    import faiss
ModuleNotFoundError: No module named 'faiss'

During handling of the above exception, another exception occurred:

Traceback (most recent call last):
  File "D:\RAG\src\dcoument_pipeline\embedding.py", line 508, in main
    vector_store = create_vector_store(
                   ^^^^^^^^^^^^^^^^^^^^
  File "D:\RAG\src\dcoument_pipeline\embedding.py", line 223, in create_vector_store
    vector_store = FAISS.from_documents(
                   ^^^^^^^^^^^^^^^^^^^^^
  File "D:\RAG\.venv\Lib\site-packages\langchain_core\vectorstores\base.py", line 814, in from_documents
    return cls.from_texts(texts, embedding, metadatas=metadatas, **kwargs)
           ^^^^^^^^^^^^^^^^^^^^^^^^^^^^^^^^^^^^^^^^^^^^^^^^^^^^^^^^^^^^^^^
  File "D:\RAG\.venv\Lib\site-packages\langchain_community\vectorstores\faiss.py", line 1044, in from_texts
    return cls.__from(
           ^^^^^^^^^^^
  File "D:\RAG\.venv\Lib\site-packages\langchain_community\vectorstores\faiss.py", line 996, in __from
    faiss = dependable_faiss_import()
            ^^^^^^^^^^^^^^^^^^^^^^^^^
  File "D:\RAG\.venv\Lib\site-packages\langchain_community\vectorstores\faiss.py", line 58, in dependable_faiss_import
    raise ImportError(
ImportError: Could not import faiss python package. Please install it with `pip install faiss-gpu` (for CUDA supported GPU) or `pip install faiss-cpu` (depending on Python version).
2026-10-08 21:56:57,687 | INFO     | src.utils.logger | ========== EMBEDDING PIPELINE STARTED ==========
2026-10-08 21:56:57,687 | INFO     | src.utils.logger | Initializing Ollama embedding model: qwen3-embedding:0.6b
2026-10-08 21:56:58,047 | INFO     | src.utils.logger | No existing vector store found.
2026-10-08 21:56:58,047 | INFO     | src.utils.logger | Loading chunks from: D:\RAG\data\chunks\final_chunks.json
2026-10-08 21:56:58,049 | INFO     | src.utils.logger | Successfully created 102 LangChain documents.
2026-10-08 21:56:58,049 | INFO     | src.utils.logger | Creating FAISS vector store for 102 documents.
2026-10-08 21:56:58,050 | DEBUG    | httpcore.connection | connect_tcp.started host='127.0.0.1' port=11434 local_address=None timeout=None socket_options=None
2026-10-08 21:56:58,050 | DEBUG    | httpcore.connection | connect_tcp.complete return_value=<httpcore._backends.sync.SyncStream object at 0x000002154FA83DA0>
2026-10-08 21:56:58,051 | DEBUG    | httpcore.http11 | send_request_headers.started request=<Request [b'POST']>
2026-10-08 21:56:58,051 | DEBUG    | httpcore.http11 | send_request_headers.complete
2026-10-08 21:56:58,051 | DEBUG    | httpcore.http11 | send_request_body.started request=<Request [b'POST']>
2026-10-08 21:56:58,052 | DEBUG    | httpcore.http11 | send_request_body.complete
2026-10-08 21:56:58,052 | DEBUG    | httpcore.http11 | receive_response_headers.started request=<Request [b'POST']>
2026-10-08 21:57:03,091 | DEBUG    | httpcore.http11 | receive_response_headers.complete return_value=(b'HTTP/1.1', 200, b'OK', [(b'Content-Type', b'application/json; charset=utf-8'), (b'Date', b'Thu, 08 Oct 2026 16:27:03 GMT'), (b'Transfer-Encoding', b'chunked')])
2026-10-08 21:57:03,091 | INFO     | httpx | HTTP Request: POST http://127.0.0.1:11434/api/embed "HTTP/1.1 200 OK"
2026-10-08 21:57:03,091 | DEBUG    | httpcore.http11 | receive_response_body.started request=<Request [b'POST']>
2026-10-08 21:57:03,093 | DEBUG    | httpcore.http11 | receive_response_body.complete
2026-10-08 21:57:03,093 | DEBUG    | httpcore.http11 | response_closed.started
2026-10-08 21:57:03,093 | DEBUG    | httpcore.http11 | response_closed.complete
2026-10-08 21:57:03,133 | DEBUG    | faiss.loader | Environment variable FAISS_OPT_LEVEL is not set, so let's pick the instruction set according to the current CPU
2026-10-08 21:57:03,133 | INFO     | faiss.loader | Loading faiss with AVX512 support.
2026-10-08 21:57:03,134 | INFO     | faiss.loader | Could not load library with AVX512 support due to:
ModuleNotFoundError("No module named 'faiss.swigfaiss_avx512'")
2026-10-08 21:57:03,134 | INFO     | faiss.loader | Loading faiss with AVX2 support.
2026-10-08 21:57:03,134 | INFO     | faiss.loader | Could not load library with AVX2 support due to:
ModuleNotFoundError("No module named 'faiss.swigfaiss_avx2'")
2026-10-08 21:57:03,134 | INFO     | faiss.loader | Loading faiss.
2026-10-08 21:57:03,708 | INFO     | faiss.loader | Successfully loaded faiss.
2026-10-08 21:57:03,734 | INFO     | src.utils.logger | FAISS vector store created successfully.
2026-10-08 21:57:03,737 | INFO     | src.utils.logger | Vector store saved successfully: D:\RAG\data\vector_store
2026-10-08 21:57:03,737 | INFO     | src.utils.logger | Running retrieval query: students use which forms or services to request involving enrollment?
2026-10-08 21:57:03,745 | DEBUG    | httpcore.http11 | send_request_headers.started request=<Request [b'POST']>
2026-10-08 21:57:03,745 | DEBUG    | httpcore.http11 | send_request_headers.complete
2026-10-08 21:57:03,745 | DEBUG    | httpcore.http11 | send_request_body.started request=<Request [b'POST']>
2026-10-08 21:57:03,745 | DEBUG    | httpcore.http11 | send_request_body.complete
2026-10-08 21:57:03,745 | DEBUG    | httpcore.http11 | receive_response_headers.started request=<Request [b'POST']>
2026-10-08 21:57:03,770 | DEBUG    | httpcore.http11 | receive_response_headers.complete return_value=(b'HTTP/1.1', 200, b'OK', [(b'Content-Type', b'application/json; charset=utf-8'), (b'Date', b'Thu, 08 Oct 2026 16:27:03 GMT'), (b'Transfer-Encoding', b'chunked')])
2026-10-08 21:57:03,771 | INFO     | httpx | HTTP Request: POST http://127.0.0.1:11434/api/embed "HTTP/1.1 200 OK"
2026-10-08 21:57:03,771 | DEBUG    | httpcore.http11 | receive_response_body.started request=<Request [b'POST']>
2026-10-08 21:57:03,771 | DEBUG    | httpcore.http11 | receive_response_body.complete
2026-10-08 21:57:03,771 | DEBUG    | httpcore.http11 | response_closed.started
2026-10-08 21:57:03,771 | DEBUG    | httpcore.http11 | response_closed.complete
2026-10-08 21:57:03,774 | INFO     | src.utils.logger | Retrieved 3 documents.
2026-10-08 21:57:03,775 | INFO     | src.utils.logger | ========== EMBEDDING PIPELINE COMPLETED ==========
2026-10-08 22:10:49,220 | ERROR    | __main__ | Upload folder does not exist: D:\RAG\uploads\user_123
2026-10-08 22:10:49,220 | ERROR    | __main__ | Document pipeline execution failed.
Traceback (most recent call last):
  File "D:\RAG\src\dcoument_pipeline\pipeline.py", line 258, in <module>
    raise FileNotFoundError(
FileNotFoundError: Upload folder not found: uploads\user_123
2026-10-08 22:13:14,580 | ERROR    | __main__ | Upload folder does not exist: D:\RAG\data\pdf
2026-10-08 22:13:14,581 | ERROR    | __main__ | Document pipeline execution failed.
Traceback (most recent call last):
  File "D:\RAG\src\dcoument_pipeline\pipeline.py", line 258, in <module>
    raise FileNotFoundError(
FileNotFoundError: Upload folder not found: data\pdf
2026-10-08 22:14:15,336 | ERROR    | __main__ | Upload folder does not exist: D:\RAG\data\pdf
2026-10-08 22:14:15,336 | ERROR    | __main__ | Document pipeline execution failed.
Traceback (most recent call last):
  File "D:\RAG\src\dcoument_pipeline\pipeline.py", line 258, in <module>
    raise FileNotFoundError(
FileNotFoundError: Upload folder not found: data\pdf
2026-10-08 22:15:49,332 | INFO     | __main__ | Found 5 PDF files.
2026-10-08 22:15:49,333 | INFO     | __main__ | Input document: 01_student_handbook.pdf
2026-10-08 22:15:49,333 | INFO     | __main__ | Input document: 02_academic_regulations.pdf
2026-10-08 22:15:49,333 | INFO     | __main__ | Input document: 03_examination_guidelines.pdf
2026-10-08 22:15:49,333 | INFO     | __main__ | Input document: 04_fee_structure.pdf
2026-10-08 22:15:49,333 | INFO     | __main__ | Input document: 05_scholarship_guidelines.pdf
2026-10-08 22:15:49,333 | INFO     | __main__ | Found 5 PDF files in data\pdfs
2026-10-08 22:15:49,334 | INFO     | __main__ | [1/4] Starting document extraction
2026-10-08 22:15:49,475 | INFO     | docling.datamodel.document | detected formats: [<InputFormat.PDF: 'pdf'>]
2026-10-08 22:15:49,736 | INFO     | docling.document_converter | Going to convert document batch...
2026-10-08 22:15:49,737 | INFO     | docling.document_converter | Initializing pipeline for StandardPdfPipeline with options hash 8b48d2771f29deaa934c2b9c55f8e7a9
2026-10-08 22:15:49,757 | INFO     | docling.models.factories.base_factory | Loading plugin 'docling_defaults'
2026-10-08 22:15:49,766 | INFO     | docling.models.factories | Registered picture descriptions: ['picture_description_vlm_engine', 'vlm', 'api']
2026-10-08 22:15:49,783 | INFO     | docling.models.factories.base_factory | Loading plugin 'docling_defaults'
2026-10-08 22:15:49,807 | INFO     | docling.models.factories | Registered ocr engines: ['auto', 'easyocr', 'kserve_v2_ocr', 'nemotron-ocr', 'ocrmac', 'rapidocr', 'tesserocr', 'tesseract']
2026-10-08 22:15:49,808 | INFO     | docling.models.stages.ocr.auto_ocr_model | rapidocr cannot be used because onnxruntime is not installed.
2026-10-08 22:15:49,809 | INFO     | docling.models.stages.ocr.auto_ocr_model | easyocr cannot be used because it is not installed.
2026-10-08 22:15:50,141 | INFO     | docling.utils.accelerator_utils | Accelerator device: 'cpu'
2026-10-08 22:15:50,615 | INFO     | docling.models.stages.ocr.auto_ocr_model | Auto OCR model selected rapidocr with torch.
2026-10-08 22:15:50,630 | INFO     | docling.models.factories.base_factory | Loading plugin 'docling_defaults'
2026-10-08 22:15:50,636 | INFO     | docling.models.factories | Registered layout engines: ['layout_object_detection', 'docling_layout_default', 'docling_experimental_table_crops_layout']
2026-10-08 22:15:53,465 | INFO     | docling.models.inference_engines.object_detection.transformers_engine | Initializing Transformers object-detection engine
2026-10-08 22:15:53,466 | INFO     | docling.models.inference_engines.common.hf_vision_base | Downloading object-detection model from HuggingFace: docling-project/docling-layout-heron@main
2026-10-08 22:15:53,466 | INFO     | docling.models.utils.hf_model_download | Fetching model docling-project/docling-layout-heron (revision: main)...
2026-10-08 22:15:53,657 | DEBUG    | httpcore.connection | connect_tcp.started host='huggingface.co' port=443 local_address=None timeout=None socket_options=None
2026-10-08 22:15:53,678 | DEBUG    | httpcore.connection | connect_tcp.complete return_value=<httpcore._backends.sync.SyncStream object at 0x0000012FAC294530>
2026-10-08 22:15:53,678 | DEBUG    | httpcore.connection | start_tls.started ssl_context=<ssl.SSLContext object at 0x0000012FAC3BD3D0> server_hostname='huggingface.co' timeout=None
2026-10-08 22:15:53,691 | DEBUG    | httpcore.connection | start_tls.complete return_value=<httpcore._backends.sync.SyncStream object at 0x0000012FAC321040>
2026-10-08 22:15:53,691 | DEBUG    | httpcore.http11 | send_request_headers.started request=<Request [b'GET']>
2026-10-08 22:15:53,692 | DEBUG    | httpcore.http11 | send_request_headers.complete
2026-10-08 22:15:53,692 | DEBUG    | httpcore.http11 | send_request_body.started request=<Request [b'GET']>
2026-10-08 22:15:53,692 | DEBUG    | httpcore.http11 | send_request_body.complete
2026-10-08 22:15:53,692 | DEBUG    | httpcore.http11 | receive_response_headers.started request=<Request [b'GET']>
2026-10-08 22:15:53,918 | DEBUG    | httpcore.http11 | receive_response_headers.complete return_value=(b'HTTP/1.1', 200, b'OK', [(b'Content-Type', b'application/json; charset=utf-8'), (b'Transfer-Encoding', b'chunked'), (b'Connection', b'keep-alive'), (b'Date', b'Thu, 08 Oct 2026 16:45:54 GMT'), (b'content-encoding', b'gzip'), (b'ETag', b'W/"43d-6m3S9EJWrzDEYFtwsDniBHH+eKg"'), (b'X-Powered-By', b'huggingface-moon'), (b'X-Request-Id', b'Root=1-6ac7c8c2-4bc6c0257a812f6e58b1cafc;92505da2-2d51-4685-9a9c-faadb050265a'), (b'RateLimit', b'"api";r=499;t=290'), (b'RateLimit-Policy', b'"fixed window";"api";q=500;w=300'), (b'cross-origin-opener-policy', b'same-origin'), (b'Referrer-Policy', b'strict-origin-when-cross-origin'), (b'Access-Control-Max-Age', b'86400'), (b'Access-Control-Allow-Origin', b'https://huggingface.co'), (b'Vary', b'Origin'), (b'vary', b'Accept-Encoding'), (b'Access-Control-Expose-Headers', b'X-Repo-Commit,X-Request-Id,X-Error-Code,X-Error-Message,X-Total-Count,ETag,Link,Accept-Ranges,Content-Range,X-Linked-Size,X-Linked-ETag,X-Xet-Hash'), (b'X-Cache', b'Miss from cloudfront'), (b'Via', b'1.1 c44b6e1cb0e6718f9e26fb6e582e62d8.cloudfront.net (CloudFront)'), (b'X-Amz-Cf-Pop', b'HYD57-P7'), (b'Alt-Svc', b'h3=":443"; ma=86400'), (b'X-Amz-Cf-Id', b'PGdloG5XakF6-yNY2YUva7U9CxiYREA0rwyJ2ShohF4JwAEDxxchtw=='), (b'Strict-Transport-Security', b'max-age=31536000')])
2026-10-08 22:15:53,919 | INFO     | httpx | HTTP Request: GET https://huggingface.co/api/models/docling-project/docling-layout-heron/revision/main "HTTP/1.1 200 OK"
2026-10-08 22:15:53,919 | DEBUG    | httpcore.http11 | receive_response_body.started request=<Request [b'GET']>
2026-10-08 22:15:53,919 | DEBUG    | httpcore.http11 | receive_response_body.complete
2026-10-08 22:15:53,919 | DEBUG    | httpcore.http11 | response_closed.started
2026-10-08 22:15:53,919 | DEBUG    | httpcore.http11 | response_closed.complete
2026-10-08 22:15:53,926 | INFO     | docling.models.utils.hf_model_download | Model docling-project/docling-layout-heron already cached at C:\Users\balaj\.cache\huggingface\hub\models--docling-project--docling-layout-heron\snapshots\8f39ad3c0b4c58e9c2d2c84a38465abf757272d8
2026-10-08 22:15:53,926 | DEBUG    | docling.models.inference_engines.object_detection.transformers_engine | Using model at C:\Users\balaj\.cache\huggingface\hub\models--docling-project--docling-layout-heron\snapshots\8f39ad3c0b4c58e9c2d2c84a38465abf757272d8
2026-10-08 22:15:53,927 | INFO     | docling.utils.accelerator_utils | Accelerator device: 'cpu'
2026-10-08 22:15:54,815 | DEBUG    | docling.models.inference_engines.common.hf_vision_base | Loading image processor from C:\Users\balaj\.cache\huggingface\hub\models--docling-project--docling-layout-heron\snapshots\8f39ad3c0b4c58e9c2d2c84a38465abf757272d8
2026-10-08 22:15:54,834 | DEBUG    | docling.models.inference_engines.object_detection.transformers_engine | Loaded preprocessor with size: SizeDict(height=640, width=640, longest_edge=None, shortest_edge=None, max_height=None, max_width=None, min_pixels=None, max_pixels=None)
2026-10-08 22:15:54,853 | DEBUG    | docling.models.inference_engines.object_detection.transformers_engine | Loaded label mapping with 17 labels
2026-10-08 22:15:54,853 | DEBUG    | docling.models.inference_engines.object_detection.transformers_engine | Loading model from C:\Users\balaj\.cache\huggingface\hub\models--docling-project--docling-layout-heron\snapshots\8f39ad3c0b4c58e9c2d2c84a38465abf757272d8 to device cpu
2026-10-08 22:15:55,387 | INFO     | docling.models.inference_engines.object_detection.transformers_engine | Transformers engine ready (device=cpu, dtype=torch.float32)
2026-10-08 22:15:55,405 | INFO     | docling.models.factories.base_factory | Loading plugin 'docling_defaults'
2026-10-08 22:15:55,412 | INFO     | docling.models.factories | Registered table structure engines: ['docling_tableformer', 'docling_tableformer_v2', 'granite_vision_table']
2026-10-08 22:15:55,412 | INFO     | docling.models.utils.hf_model_download | Fetching model docling-project/docling-models (revision: v2.3.0)...
2026-10-08 22:15:55,413 | DEBUG    | httpcore.http11 | send_request_headers.started request=<Request [b'GET']>
2026-10-08 22:15:55,414 | DEBUG    | httpcore.http11 | send_request_headers.complete
2026-10-08 22:15:55,414 | DEBUG    | httpcore.http11 | send_request_body.started request=<Request [b'GET']>
2026-10-08 22:15:55,414 | DEBUG    | httpcore.http11 | send_request_body.complete
2026-10-08 22:15:55,414 | DEBUG    | httpcore.http11 | receive_response_headers.started request=<Request [b'GET']>
2026-10-08 22:15:55,642 | DEBUG    | httpcore.http11 | receive_response_headers.complete return_value=(b'HTTP/1.1', 200, b'OK', [(b'Content-Type', b'application/json; charset=utf-8'), (b'Transfer-Encoding', b'chunked'), (b'Connection', b'keep-alive'), (b'Date', b'Thu, 08 Oct 2026 16:45:56 GMT'), (b'content-encoding', b'gzip'), (b'ETag', b'W/"520-nrQIyLMg80htaBo97QhKNwEjQNg"'), (b'X-Powered-By', b'huggingface-moon'), (b'X-Request-Id', b'Root=1-6ac7c8c4-1b02fe2f4195024922a1212f;ed0c0591-2cbf-4b75-801b-96bb51df69a5'), (b'RateLimit', b'"api";r=498;t=288'), (b'RateLimit-Policy', b'"fixed window";"api";q=500;w=300'), (b'cross-origin-opener-policy', b'same-origin'), (b'Referrer-Policy', b'strict-origin-when-cross-origin'), (b'Access-Control-Max-Age', b'86400'), (b'Access-Control-Allow-Origin', b'https://huggingface.co'), (b'Vary', b'Origin'), (b'vary', b'Accept-Encoding'), (b'Access-Control-Expose-Headers', b'X-Repo-Commit,X-Request-Id,X-Error-Code,X-Error-Message,X-Total-Count,ETag,Link,Accept-Ranges,Content-Range,X-Linked-Size,X-Linked-ETag,X-Xet-Hash'), (b'X-Cache', b'Miss from cloudfront'), (b'Via', b'1.1 c44b6e1cb0e6718f9e26fb6e582e62d8.cloudfront.net (CloudFront)'), (b'X-Amz-Cf-Pop', b'HYD57-P7'), (b'Alt-Svc', b'h3=":443"; ma=86400'), (b'X-Amz-Cf-Id', b'xpczf4-5ICFv298dAbI2iO_X0F9fpDcLl5_R5XR1aEwD6CWpr8-OiA=='), (b'Strict-Transport-Security', b'max-age=31536000')])
2026-10-08 22:15:55,643 | INFO     | httpx | HTTP Request: GET https://huggingface.co/api/models/docling-project/docling-models/revision/v2.3.0 "HTTP/1.1 200 OK"
2026-10-08 22:15:55,644 | DEBUG    | httpcore.http11 | receive_response_body.started request=<Request [b'GET']>
2026-10-08 22:15:55,644 | DEBUG    | httpcore.http11 | receive_response_body.complete
2026-10-08 22:15:55,644 | DEBUG    | httpcore.http11 | response_closed.started
2026-10-08 22:15:55,644 | DEBUG    | httpcore.http11 | response_closed.complete
2026-10-08 22:15:55,662 | INFO     | docling.models.utils.hf_model_download | Model docling-project/docling-models already cached at C:\Users\balaj\.cache\huggingface\hub\models--docling-project--docling-models\snapshots\fc0f2d45e2218ea24bce5045f58a389aed16dc23
2026-10-08 22:15:55,690 | INFO     | docling.utils.accelerator_utils | Accelerator device: 'cpu'
2026-10-08 22:15:56,090 | INFO     | docling.pipeline.base_pipeline | Processing document 01_student_handbook.pdf
2026-10-08 22:15:56,116 | DEBUG    | docling.pipeline.standard_pdf_pipeline | PIPELINE_PROFILING Stage preprocess: run_id=1 pages=[2] start=1791477956.111 end=1791477956.116 duration=0.000s
2026-10-08 22:15:56,122 | DEBUG    | docling.pipeline.standard_pdf_pipeline | PIPELINE_PROFILING Stage preprocess: run_id=1 pages=[1] start=1791477956.116 end=1791477956.122 duration=0.000s
2026-10-08 22:15:56,131 | DEBUG    | docling.pipeline.standard_pdf_pipeline | PIPELINE_PROFILING Stage preprocess: run_id=1 pages=[5] start=1791477956.124 end=1791477956.132 duration=0.000s
2026-10-08 22:15:56,140 | DEBUG    | docling.pipeline.standard_pdf_pipeline | PIPELINE_PROFILING Stage preprocess: run_id=1 pages=[4] start=1791477956.132 end=1791477956.141 duration=0.016s
2026-10-08 22:15:56,148 | DEBUG    | docling.pipeline.standard_pdf_pipeline | PIPELINE_PROFILING Stage preprocess: run_id=1 pages=[3] start=1791477956.141 end=1791477956.149 duration=0.000s
2026-10-08 22:15:57,104 | DEBUG    | docling.pipeline.standard_pdf_pipeline | PIPELINE_PROFILING Stage layout: run_id=1 pages=[2] start=1791477956.117 end=1791477957.104 duration=0.984s
2026-10-08 22:15:57,199 | DEBUG    | docling.pipeline.standard_pdf_pipeline | PIPELINE_PROFILING Stage ocr: run_id=1 pages=[2] start=1791477957.105 end=1791477957.199 duration=0.094s
2026-10-08 22:15:57,205 | DEBUG    | docling.pipeline.standard_pdf_pipeline | PIPELINE_PROFILING Stage layout_postprocess: run_id=1 pages=[2] start=1791477957.200 end=1791477957.205 duration=0.016s
2026-10-08 22:15:57,206 | DEBUG    | docling.pipeline.standard_pdf_pipeline | PIPELINE_PROFILING Stage table: run_id=1 pages=[2] start=1791477957.205 end=1791477957.206 duration=0.000s
2026-10-08 22:15:57,206 | DEBUG    | docling.pipeline.standard_pdf_pipeline | PIPELINE_PROFILING Stage assemble: run_id=1 pages=[2] start=1791477957.206 end=1791477957.206 duration=0.000s
2026-10-08 22:16:00,771 | DEBUG    | docling.pipeline.standard_pdf_pipeline | PIPELINE_PROFILING Stage layout: run_id=1 pages=[1, 5, 4, 3] start=1791477957.105 end=1791477960.771 duration=3.672s
2026-10-08 22:16:05,779 | DEBUG    | docling.pipeline.standard_pdf_pipeline | PIPELINE_PROFILING Stage ocr: run_id=1 pages=[1, 5, 4, 3] start=1791477960.771 end=1791477965.780 duration=5.016s
2026-10-08 22:16:05,782 | DEBUG    | docling.pipeline.standard_pdf_pipeline | PIPELINE_PROFILING Stage layout_postprocess: run_id=1 pages=[1] start=1791477965.781 end=1791477965.783 duration=0.000s
2026-10-08 22:16:05,782 | DEBUG    | docling.pipeline.standard_pdf_pipeline | PIPELINE_PROFILING Stage table: run_id=1 pages=[1] start=1791477965.783 end=1791477965.783 duration=0.000s
2026-10-08 22:16:05,782 | DEBUG    | docling.pipeline.standard_pdf_pipeline | PIPELINE_PROFILING Stage assemble: run_id=1 pages=[1] start=1791477965.783 end=1791477965.783 duration=0.000s
2026-10-08 22:16:05,784 | DEBUG    | docling.pipeline.standard_pdf_pipeline | PIPELINE_PROFILING Stage layout_postprocess: run_id=1 pages=[5] start=1791477965.783 end=1791477965.785 duration=0.000s
2026-10-08 22:16:05,785 | DEBUG    | docling.pipeline.standard_pdf_pipeline | PIPELINE_PROFILING Stage table: run_id=1 pages=[5] start=1791477965.785 end=1791477965.785 duration=0.000s
2026-10-08 22:16:05,785 | DEBUG    | docling.pipeline.standard_pdf_pipeline | PIPELINE_PROFILING Stage assemble: run_id=1 pages=[5] start=1791477965.786 end=1791477965.786 duration=0.000s
2026-10-08 22:16:05,789 | DEBUG    | docling.pipeline.standard_pdf_pipeline | PIPELINE_PROFILING Stage layout_postprocess: run_id=1 pages=[4] start=1791477965.785 end=1791477965.790 duration=0.000s
2026-10-08 22:16:05,794 | DEBUG    | docling.pipeline.standard_pdf_pipeline | PIPELINE_PROFILING Stage layout_postprocess: run_id=1 pages=[3] start=1791477965.790 end=1791477965.795 duration=0.000s
2026-10-08 22:16:07,649 | DEBUG    | docling.pipeline.standard_pdf_pipeline | PIPELINE_PROFILING Stage table: run_id=1 pages=[4] start=1791477965.790 end=1791477967.650 duration=1.859s
2026-10-08 22:16:07,650 | DEBUG    | docling.pipeline.standard_pdf_pipeline | PIPELINE_PROFILING Stage assemble: run_id=1 pages=[4] start=1791477967.651 end=1791477967.651 duration=0.000s
2026-10-08 22:16:08,642 | DEBUG    | docling.pipeline.standard_pdf_pipeline | PIPELINE_PROFILING Stage table: run_id=1 pages=[3] start=1791477967.651 end=1791477968.642 duration=1.000s
2026-10-08 22:16:08,642 | DEBUG    | docling.pipeline.standard_pdf_pipeline | PIPELINE_PROFILING Stage assemble: run_id=1 pages=[3] start=1791477968.642 end=1791477968.642 duration=0.000s
2026-10-08 22:16:08,669 | INFO     | docling.document_converter | Finished converting document 01_student_handbook.pdf in 19.19 sec.
2026-10-08 22:16:08,695 | INFO     | docling.datamodel.document | detected formats: [<InputFormat.PDF: 'pdf'>]
2026-10-08 22:16:08,886 | INFO     | docling.document_converter | Going to convert document batch...
2026-10-08 22:16:08,886 | DEBUG    | docling.document_converter | Reusing cached pipeline for StandardPdfPipeline with options hash 8b48d2771f29deaa934c2b9c55f8e7a9
2026-10-08 22:16:08,886 | INFO     | docling.pipeline.base_pipeline | Processing document 02_academic_regulations.pdf
2026-10-08 22:16:08,905 | DEBUG    | docling.pipeline.standard_pdf_pipeline | PIPELINE_PROFILING Stage preprocess: run_id=2 pages=[1] start=1791477968.902 end=1791477968.906 duration=0.016s
2026-10-08 22:16:08,910 | DEBUG    | docling.pipeline.standard_pdf_pipeline | PIPELINE_PROFILING Stage preprocess: run_id=2 pages=[4] start=1791477968.906 end=1791477968.911 duration=0.000s
2026-10-08 22:16:08,922 | DEBUG    | docling.pipeline.standard_pdf_pipeline | PIPELINE_PROFILING Stage preprocess: run_id=2 pages=[2] start=1791477968.914 end=1791477968.923 duration=0.015s
2026-10-08 22:16:08,937 | DEBUG    | docling.pipeline.standard_pdf_pipeline | PIPELINE_PROFILING Stage preprocess: run_id=2 pages=[5] start=1791477968.927 end=1791477968.938 duration=0.016s
2026-10-08 22:16:08,964 | DEBUG    | docling.pipeline.standard_pdf_pipeline | PIPELINE_PROFILING Stage preprocess: run_id=2 pages=[8] start=1791477968.954 end=1791477968.965 duration=0.000s
2026-10-08 22:16:09,241 | DEBUG    | docling.pipeline.standard_pdf_pipeline | PIPELINE_PROFILING Stage preprocess: run_id=2 pages=[7] start=1791477968.965 end=1791477969.242 duration=0.281s
2026-10-08 22:16:09,257 | DEBUG    | docling.pipeline.standard_pdf_pipeline | PIPELINE_PROFILING Stage preprocess: run_id=2 pages=[6] start=1791477969.243 end=1791477969.258 duration=0.015s
2026-10-08 22:16:09,292 | DEBUG    | docling.pipeline.standard_pdf_pipeline | PIPELINE_PROFILING Stage preprocess: run_id=2 pages=[3] start=1791477969.258 end=1791477969.292 duration=0.032s
2026-10-08 22:16:09,303 | DEBUG    | docling.pipeline.standard_pdf_pipeline | PIPELINE_PROFILING Stage preprocess: run_id=2 pages=[9] start=1791477969.292 end=1791477969.303 duration=0.015s
2026-10-08 22:16:09,316 | DEBUG    | docling.pipeline.standard_pdf_pipeline | PIPELINE_PROFILING Stage preprocess: run_id=2 pages=[10] start=1791477969.303 end=1791477969.316 duration=0.016s
2026-10-08 22:16:09,328 | DEBUG    | docling.pipeline.standard_pdf_pipeline | PIPELINE_PROFILING Stage preprocess: run_id=2 pages=[11] start=1791477969.317 end=1791477969.328 duration=0.016s
2026-10-08 22:16:09,338 | DEBUG    | docling.pipeline.standard_pdf_pipeline | PIPELINE_PROFILING Stage preprocess: run_id=2 pages=[12] start=1791477969.329 end=1791477969.338 duration=0.000s
2026-10-08 22:16:09,345 | DEBUG    | docling.pipeline.standard_pdf_pipeline | PIPELINE_PROFILING Stage preprocess: run_id=2 pages=[13] start=1791477969.338 end=1791477969.346 duration=0.015s
2026-10-08 22:16:09,355 | DEBUG    | docling.pipeline.standard_pdf_pipeline | PIPELINE_PROFILING Stage preprocess: run_id=2 pages=[14] start=1791477969.347 end=1791477969.356 duration=0.000s
2026-10-08 22:16:09,365 | DEBUG    | docling.pipeline.standard_pdf_pipeline | PIPELINE_PROFILING Stage preprocess: run_id=2 pages=[15] start=1791477969.356 end=1791477969.366 duration=0.016s
2026-10-08 22:16:10,151 | DEBUG    | docling.pipeline.standard_pdf_pipeline | PIPELINE_PROFILING Stage layout: run_id=2 pages=[1] start=1791477968.907 end=1791477970.151 duration=1.234s
2026-10-08 22:16:16,134 | DEBUG    | docling.pipeline.standard_pdf_pipeline | PIPELINE_PROFILING Stage layout: run_id=2 pages=[4, 2, 5, 8] start=1791477970.151 end=1791477976.134 duration=5.984s
2026-10-08 22:16:18,779 | DEBUG    | docling.pipeline.standard_pdf_pipeline | PIPELINE_PROFILING Stage ocr: run_id=2 pages=[1] start=1791477970.151 end=1791477978.779 duration=8.625s
2026-10-08 22:16:18,783 | DEBUG    | docling.pipeline.standard_pdf_pipeline | PIPELINE_PROFILING Stage layout_postprocess: run_id=2 pages=[1] start=1791477978.780 end=1791477978.784 duration=0.000s
2026-10-08 22:16:22,276 | DEBUG    | docling.pipeline.standard_pdf_pipeline | PIPELINE_PROFILING Stage table: run_id=2 pages=[1] start=1791477978.784 end=1791477982.276 duration=3.484s
2026-10-08 22:16:22,277 | DEBUG    | docling.pipeline.standard_pdf_pipeline | PIPELINE_PROFILING Stage assemble: run_id=2 pages=[1] start=1791477982.277 end=1791477982.277 duration=0.000s
2026-10-08 22:16:22,957 | DEBUG    | docling.pipeline.standard_pdf_pipeline | PIPELINE_PROFILING Stage layout: run_id=2 pages=[7, 6, 3, 9] start=1791477976.134 end=1791477982.957 duration=6.829s
2026-10-08 22:16:28,977 | DEBUG    | docling.pipeline.standard_pdf_pipeline | PIPELINE_PROFILING Stage layout: run_id=2 pages=[10, 11, 12, 13] start=1791477982.957 end=1791477988.978 duration=6.015s
2026-10-08 22:16:31,974 | DEBUG    | docling.pipeline.standard_pdf_pipeline | PIPELINE_PROFILING Stage layout: run_id=2 pages=[14, 15] start=1791477988.979 end=1791477991.975 duration=3.000s
2026-10-08 22:16:41,743 | DEBUG    | docling.pipeline.standard_pdf_pipeline | PIPELINE_PROFILING Stage ocr: run_id=2 pages=[4, 2, 5, 8] start=1791477978.779 end=1791478001.743 duration=22.969s
2026-10-08 22:16:41,746 | DEBUG    | docling.pipeline.standard_pdf_pipeline | PIPELINE_PROFILING Stage layout_postprocess: run_id=2 pages=[4] start=1791478001.744 end=1791478001.746 duration=0.000s
2026-10-08 22:16:41,756 | DEBUG    | docling.pipeline.standard_pdf_pipeline | PIPELINE_PROFILING Stage layout_postprocess: run_id=2 pages=[2] start=1791478001.746 end=1791478001.757 duration=0.015s
2026-10-08 22:16:41,778 | DEBUG    | docling.pipeline.standard_pdf_pipeline | PIPELINE_PROFILING Stage layout_postprocess: run_id=2 pages=[5] start=1791478001.759 end=1791478001.778 duration=0.016s
2026-10-08 22:16:41,793 | DEBUG    | docling.pipeline.standard_pdf_pipeline | PIPELINE_PROFILING Stage layout_postprocess: run_id=2 pages=[8] start=1791478001.778 end=1791478001.793 duration=0.016s
2026-10-08 22:16:43,184 | DEBUG    | docling.pipeline.standard_pdf_pipeline | PIPELINE_PROFILING Stage table: run_id=2 pages=[4] start=1791478001.746 end=1791478003.184 duration=1.437s
2026-10-08 22:16:43,185 | DEBUG    | docling.pipeline.standard_pdf_pipeline | PIPELINE_PROFILING Stage assemble: run_id=2 pages=[4] start=1791478003.185 end=1791478003.185 duration=0.000s
2026-10-08 22:17:01,766 | DEBUG    | docling.pipeline.standard_pdf_pipeline | PIPELINE_PROFILING Stage table: run_id=2 pages=[2, 5, 8] start=1791478003.185 end=1791478021.767 duration=18.594s
2026-10-08 22:17:01,767 | DEBUG    | docling.pipeline.standard_pdf_pipeline | PIPELINE_PROFILING Stage assemble: run_id=2 pages=[2] start=1791478021.768 end=1791478021.768 duration=0.000s
2026-10-08 22:17:01,770 | DEBUG    | docling.pipeline.standard_pdf_pipeline | PIPELINE_PROFILING Stage assemble: run_id=2 pages=[5] start=1791478021.770 end=1791478021.771 duration=0.000s
2026-10-08 22:17:01,772 | DEBUG    | docling.pipeline.standard_pdf_pipeline | PIPELINE_PROFILING Stage assemble: run_id=2 pages=[8] start=1791478021.772 end=1791478021.773 duration=0.000s
2026-10-08 22:17:10,287 | DEBUG    | docling.pipeline.standard_pdf_pipeline | PIPELINE_PROFILING Stage ocr: run_id=2 pages=[7, 6, 3, 9] start=1791478001.744 end=1791478030.288 duration=28.547s
2026-10-08 22:17:10,297 | DEBUG    | docling.pipeline.standard_pdf_pipeline | PIPELINE_PROFILING Stage layout_postprocess: run_id=2 pages=[7] start=1791478030.289 end=1791478030.297 duration=0.015s
2026-10-08 22:17:10,323 | DEBUG    | docling.pipeline.standard_pdf_pipeline | PIPELINE_PROFILING Stage layout_postprocess: run_id=2 pages=[6] start=1791478030.298 end=1791478030.324 duration=0.016s
2026-10-08 22:17:10,341 | DEBUG    | docling.pipeline.standard_pdf_pipeline | PIPELINE_PROFILING Stage layout_postprocess: run_id=2 pages=[3] start=1791478030.324 end=1791478030.341 duration=0.016s
2026-10-08 22:17:10,348 | DEBUG    | docling.pipeline.standard_pdf_pipeline | PIPELINE_PROFILING Stage layout_postprocess: run_id=2 pages=[9] start=1791478030.342 end=1791478030.349 duration=0.015s
2026-10-08 22:17:20,491 | DEBUG    | docling.pipeline.standard_pdf_pipeline | PIPELINE_PROFILING Stage table: run_id=2 pages=[7] start=1791478030.298 end=1791478040.492 duration=10.188s
2026-10-08 22:17:20,491 | DEBUG    | docling.pipeline.standard_pdf_pipeline | PIPELINE_PROFILING Stage assemble: run_id=2 pages=[7] start=1791478040.492 end=1791478040.492 duration=0.000s
2026-10-08 22:17:35,792 | DEBUG    | docling.pipeline.standard_pdf_pipeline | PIPELINE_PROFILING Stage ocr: run_id=2 pages=[10, 11, 12, 13] start=1791478030.288 end=1791478055.792 duration=25.500s
2026-10-08 22:17:35,804 | DEBUG    | docling.pipeline.standard_pdf_pipeline | PIPELINE_PROFILING Stage layout_postprocess: run_id=2 pages=[10] start=1791478055.793 end=1791478055.804 duration=0.015s
2026-10-08 22:17:35,817 | DEBUG    | docling.pipeline.standard_pdf_pipeline | PIPELINE_PROFILING Stage layout_postprocess: run_id=2 pages=[11] start=1791478055.804 end=1791478055.817 duration=0.016s
2026-10-08 22:17:35,824 | DEBUG    | docling.pipeline.standard_pdf_pipeline | PIPELINE_PROFILING Stage layout_postprocess: run_id=2 pages=[12] start=1791478055.817 end=1791478055.825 duration=0.000s
2026-10-08 22:17:35,829 | DEBUG    | docling.pipeline.standard_pdf_pipeline | PIPELINE_PROFILING Stage layout_postprocess: run_id=2 pages=[13] start=1791478055.826 end=1791478055.830 duration=0.016s
2026-10-08 22:17:46,653 | DEBUG    | docling.pipeline.standard_pdf_pipeline | PIPELINE_PROFILING Stage ocr: run_id=2 pages=[14, 15] start=1791478055.792 end=1791478066.654 duration=10.859s
2026-10-08 22:17:46,660 | DEBUG    | docling.pipeline.standard_pdf_pipeline | PIPELINE_PROFILING Stage layout_postprocess: run_id=2 pages=[14] start=1791478066.655 end=1791478066.661 duration=0.016s
2026-10-08 22:17:46,667 | DEBUG    | docling.pipeline.standard_pdf_pipeline | PIPELINE_PROFILING Stage layout_postprocess: run_id=2 pages=[15] start=1791478066.662 end=1791478066.667 duration=0.000s
2026-10-08 22:17:46,743 | DEBUG    | docling.pipeline.standard_pdf_pipeline | PIPELINE_PROFILING Stage table: run_id=2 pages=[6, 3, 9] start=1791478040.492 end=1791478066.743 duration=26.250s
2026-10-08 22:17:46,745 | DEBUG    | docling.pipeline.standard_pdf_pipeline | PIPELINE_PROFILING Stage assemble: run_id=2 pages=[6] start=1791478066.744 end=1791478066.745 duration=0.000s
2026-10-08 22:17:46,748 | DEBUG    | docling.pipeline.standard_pdf_pipeline | PIPELINE_PROFILING Stage assemble: run_id=2 pages=[3] start=1791478066.747 end=1791478066.748 duration=0.000s
2026-10-08 22:17:46,755 | DEBUG    | docling.pipeline.standard_pdf_pipeline | PIPELINE_PROFILING Stage assemble: run_id=2 pages=[9] start=1791478066.755 end=1791478066.755 duration=0.000s
2026-10-08 22:17:57,188 | DEBUG    | docling.pipeline.standard_pdf_pipeline | PIPELINE_PROFILING Stage table: run_id=2 pages=[10, 11, 12, 13] start=1791478066.743 end=1791478077.188 duration=10.453s
2026-10-08 22:17:57,189 | DEBUG    | docling.pipeline.standard_pdf_pipeline | PIPELINE_PROFILING Stage assemble: run_id=2 pages=[10] start=1791478077.188 end=1791478077.189 duration=0.000s
2026-10-08 22:17:57,192 | DEBUG    | docling.pipeline.standard_pdf_pipeline | PIPELINE_PROFILING Stage assemble: run_id=2 pages=[11] start=1791478077.192 end=1791478077.192 duration=0.000s
2026-10-08 22:17:57,195 | DEBUG    | docling.pipeline.standard_pdf_pipeline | PIPELINE_PROFILING Stage assemble: run_id=2 pages=[12] start=1791478077.195 end=1791478077.195 duration=0.000s
2026-10-08 22:17:57,202 | DEBUG    | docling.pipeline.standard_pdf_pipeline | PIPELINE_PROFILING Stage assemble: run_id=2 pages=[13] start=1791478077.202 end=1791478077.202 duration=0.000s
2026-10-08 22:18:04,965 | DEBUG    | docling.pipeline.standard_pdf_pipeline | PIPELINE_PROFILING Stage table: run_id=2 pages=[14, 15] start=1791478077.188 end=1791478084.966 duration=7.766s
2026-10-08 22:18:04,966 | DEBUG    | docling.pipeline.standard_pdf_pipeline | PIPELINE_PROFILING Stage assemble: run_id=2 pages=[14] start=1791478084.967 end=1791478084.967 duration=0.000s
2026-10-08 22:18:04,969 | DEBUG    | docling.pipeline.standard_pdf_pipeline | PIPELINE_PROFILING Stage assemble: run_id=2 pages=[15] start=1791478084.970 end=1791478084.970 duration=0.000s
2026-10-08 22:18:05,035 | INFO     | docling.document_converter | Finished converting document 02_academic_regulations.pdf in 116.38 sec.
2026-10-08 22:18:05,231 | INFO     | docling.datamodel.document | detected formats: [<InputFormat.PDF: 'pdf'>]
2026-10-08 22:18:05,416 | INFO     | docling.document_converter | Going to convert document batch...
2026-10-08 22:18:05,416 | DEBUG    | docling.document_converter | Reusing cached pipeline for StandardPdfPipeline with options hash 8b48d2771f29deaa934c2b9c55f8e7a9
2026-10-08 22:18:05,417 | INFO     | docling.pipeline.base_pipeline | Processing document 03_examination_guidelines.pdf
2026-10-08 22:18:05,430 | DEBUG    | docling.pipeline.standard_pdf_pipeline | PIPELINE_PROFILING Stage preprocess: run_id=3 pages=[1] start=1791478085.427 end=1791478085.430 duration=0.000s
2026-10-08 22:18:05,435 | DEBUG    | docling.pipeline.standard_pdf_pipeline | PIPELINE_PROFILING Stage preprocess: run_id=3 pages=[2] start=1791478085.430 end=1791478085.435 duration=0.000s
2026-10-08 22:18:05,455 | DEBUG    | docling.pipeline.standard_pdf_pipeline | PIPELINE_PROFILING Stage preprocess: run_id=3 pages=[4] start=1791478085.440 end=1791478085.455 duration=0.016s
2026-10-08 22:18:05,464 | DEBUG    | docling.pipeline.standard_pdf_pipeline | PIPELINE_PROFILING Stage preprocess: run_id=3 pages=[3] start=1791478085.455 end=1791478085.464 duration=0.000s
2026-10-08 22:18:05,472 | DEBUG    | docling.pipeline.standard_pdf_pipeline | PIPELINE_PROFILING Stage preprocess: run_id=3 pages=[5] start=1791478085.464 end=1791478085.472 duration=0.015s
2026-10-08 22:18:11,441 | DEBUG    | docling.pipeline.standard_pdf_pipeline | PIPELINE_PROFILING Stage layout: run_id=3 pages=[1] start=1791478085.431 end=1791478091.441 duration=6.016s
2026-10-08 22:18:11,457 | DEBUG    | docling.pipeline.standard_pdf_pipeline | PIPELINE_PROFILING Stage ocr: run_id=3 pages=[1] start=1791478091.442 end=1791478091.457 duration=0.016s
2026-10-08 22:18:11,461 | DEBUG    | docling.pipeline.standard_pdf_pipeline | PIPELINE_PROFILING Stage layout_postprocess: run_id=3 pages=[1] start=1791478091.457 end=1791478091.461 duration=0.000s
2026-10-08 22:18:11,462 | DEBUG    | docling.pipeline.standard_pdf_pipeline | PIPELINE_PROFILING Stage table: run_id=3 pages=[1] start=1791478091.462 end=1791478091.462 duration=0.000s
2026-10-08 22:18:11,462 | DEBUG    | docling.pipeline.standard_pdf_pipeline | PIPELINE_PROFILING Stage assemble: run_id=3 pages=[1] start=1791478091.462 end=1791478091.462 duration=0.000s
2026-10-08 22:18:15,824 | DEBUG    | docling.pipeline.standard_pdf_pipeline | PIPELINE_PROFILING Stage layout: run_id=3 pages=[2, 4, 3, 5] start=1791478091.442 end=1791478095.824 duration=4.375s
2026-10-08 22:18:22,231 | DEBUG    | docling.pipeline.standard_pdf_pipeline | PIPELINE_PROFILING Stage ocr: run_id=3 pages=[2, 4, 3, 5] start=1791478095.824 end=1791478102.231 duration=6.406s
2026-10-08 22:18:22,233 | DEBUG    | docling.pipeline.standard_pdf_pipeline | PIPELINE_PROFILING Stage layout_postprocess: run_id=3 pages=[2] start=1791478102.231 end=1791478102.233 duration=0.016s
2026-10-08 22:18:22,233 | DEBUG    | docling.pipeline.standard_pdf_pipeline | PIPELINE_PROFILING Stage table: run_id=3 pages=[2] start=1791478102.233 end=1791478102.233 duration=0.000s
2026-10-08 22:18:22,233 | DEBUG    | docling.pipeline.standard_pdf_pipeline | PIPELINE_PROFILING Stage assemble: run_id=3 pages=[2] start=1791478102.233 end=1791478102.233 duration=0.000s
2026-10-08 22:18:22,243 | DEBUG    | docling.pipeline.standard_pdf_pipeline | PIPELINE_PROFILING Stage layout_postprocess: run_id=3 pages=[4] start=1791478102.233 end=1791478102.244 duration=0.000s
2026-10-08 22:18:22,247 | DEBUG    | docling.pipeline.standard_pdf_pipeline | PIPELINE_PROFILING Stage layout_postprocess: run_id=3 pages=[3] start=1791478102.244 end=1791478102.248 duration=0.000s
2026-10-08 22:18:22,249 | DEBUG    | docling.pipeline.standard_pdf_pipeline | PIPELINE_PROFILING Stage layout_postprocess: run_id=3 pages=[5] start=1791478102.248 end=1791478102.250 duration=0.015s
2026-10-08 22:18:24,984 | DEBUG    | docling.pipeline.standard_pdf_pipeline | PIPELINE_PROFILING Stage table: run_id=3 pages=[4] start=1791478102.244 end=1791478104.984 duration=2.750s
2026-10-08 22:18:24,984 | DEBUG    | docling.pipeline.standard_pdf_pipeline | PIPELINE_PROFILING Stage assemble: run_id=3 pages=[4] start=1791478104.984 end=1791478104.984 duration=0.000s
2026-10-08 22:18:27,118 | DEBUG    | docling.pipeline.standard_pdf_pipeline | PIPELINE_PROFILING Stage table: run_id=3 pages=[3, 5] start=1791478104.984 end=1791478107.119 duration=2.125s
2026-10-08 22:18:27,119 | DEBUG    | docling.pipeline.standard_pdf_pipeline | PIPELINE_PROFILING Stage assemble: run_id=3 pages=[3] start=1791478107.120 end=1791478107.120 duration=0.000s
2026-10-08 22:18:27,123 | DEBUG    | docling.pipeline.standard_pdf_pipeline | PIPELINE_PROFILING Stage assemble: run_id=3 pages=[5] start=1791478107.124 end=1791478107.124 duration=0.000s
2026-10-08 22:18:27,149 | INFO     | docling.document_converter | Finished converting document 03_examination_guidelines.pdf in 22.11 sec.
2026-10-08 22:18:27,165 | INFO     | docling.datamodel.document | detected formats: [<InputFormat.PDF: 'pdf'>]
2026-10-08 22:18:27,373 | INFO     | docling.document_converter | Going to convert document batch...
2026-10-08 22:18:27,374 | DEBUG    | docling.document_converter | Reusing cached pipeline for StandardPdfPipeline with options hash 8b48d2771f29deaa934c2b9c55f8e7a9
2026-10-08 22:18:27,374 | INFO     | docling.pipeline.base_pipeline | Processing document 04_fee_structure.pdf
2026-10-08 22:18:27,393 | DEBUG    | docling.pipeline.standard_pdf_pipeline | PIPELINE_PROFILING Stage preprocess: run_id=4 pages=[2] start=1791478107.385 end=1791478107.393 duration=0.016s
2026-10-08 22:18:27,397 | DEBUG    | docling.pipeline.standard_pdf_pipeline | PIPELINE_PROFILING Stage preprocess: run_id=4 pages=[1] start=1791478107.393 end=1791478107.397 duration=0.000s
2026-10-08 22:18:27,403 | DEBUG    | docling.pipeline.standard_pdf_pipeline | PIPELINE_PROFILING Stage preprocess: run_id=4 pages=[5] start=1791478107.398 end=1791478107.403 duration=0.000s
2026-10-08 22:18:27,411 | DEBUG    | docling.pipeline.standard_pdf_pipeline | PIPELINE_PROFILING Stage preprocess: run_id=4 pages=[4] start=1791478107.404 end=1791478107.412 duration=0.016s
2026-10-08 22:18:27,422 | DEBUG    | docling.pipeline.standard_pdf_pipeline | PIPELINE_PROFILING Stage preprocess: run_id=4 pages=[3] start=1791478107.412 end=1791478107.423 duration=0.015s
2026-10-08 22:18:28,255 | DEBUG    | docling.pipeline.standard_pdf_pipeline | PIPELINE_PROFILING Stage layout: run_id=4 pages=[2] start=1791478107.394 end=1791478108.255 duration=0.859s
2026-10-08 22:18:28,263 | DEBUG    | docling.pipeline.standard_pdf_pipeline | PIPELINE_PROFILING Stage ocr: run_id=4 pages=[2] start=1791478108.255 end=1791478108.263 duration=0.000s
2026-10-08 22:18:28,266 | DEBUG    | docling.pipeline.standard_pdf_pipeline | PIPELINE_PROFILING Stage layout_postprocess: run_id=4 pages=[2] start=1791478108.264 end=1791478108.266 duration=0.000s
2026-10-08 22:18:28,267 | DEBUG    | docling.pipeline.standard_pdf_pipeline | PIPELINE_PROFILING Stage table: run_id=4 pages=[2] start=1791478108.266 end=1791478108.267 duration=0.000s
2026-10-08 22:18:28,267 | DEBUG    | docling.pipeline.standard_pdf_pipeline | PIPELINE_PROFILING Stage assemble: run_id=4 pages=[2] start=1791478108.267 end=1791478108.267 duration=0.000s
2026-10-08 22:18:32,057 | DEBUG    | docling.pipeline.standard_pdf_pipeline | PIPELINE_PROFILING Stage layout: run_id=4 pages=[1, 5, 4, 3] start=1791478108.255 end=1791478112.057 duration=3.797s
2026-10-08 22:18:44,093 | DEBUG    | docling.pipeline.standard_pdf_pipeline | PIPELINE_PROFILING Stage ocr: run_id=4 pages=[1, 5, 4, 3] start=1791478112.058 end=1791478124.094 duration=12.047s
2026-10-08 22:18:44,096 | DEBUG    | docling.pipeline.standard_pdf_pipeline | PIPELINE_PROFILING Stage layout_postprocess: run_id=4 pages=[1] start=1791478124.094 end=1791478124.096 duration=0.000s
2026-10-08 22:18:44,096 | DEBUG    | docling.pipeline.standard_pdf_pipeline | PIPELINE_PROFILING Stage table: run_id=4 pages=[1] start=1791478124.096 end=1791478124.096 duration=0.000s
2026-10-08 22:18:44,096 | DEBUG    | docling.pipeline.standard_pdf_pipeline | PIPELINE_PROFILING Stage assemble: run_id=4 pages=[1] start=1791478124.096 end=1791478124.096 duration=0.000s
2026-10-08 22:18:44,098 | DEBUG    | docling.pipeline.standard_pdf_pipeline | PIPELINE_PROFILING Stage layout_postprocess: run_id=4 pages=[5] start=1791478124.096 end=1791478124.098 duration=0.000s
2026-10-08 22:18:44,099 | DEBUG    | docling.pipeline.standard_pdf_pipeline | PIPELINE_PROFILING Stage table: run_id=4 pages=[5] start=1791478124.098 end=1791478124.099 duration=0.000s
2026-10-08 22:18:44,099 | DEBUG    | docling.pipeline.standard_pdf_pipeline | PIPELINE_PROFILING Stage assemble: run_id=4 pages=[5] start=1791478124.099 end=1791478124.099 duration=0.000s
2026-10-08 22:18:44,104 | DEBUG    | docling.pipeline.standard_pdf_pipeline | PIPELINE_PROFILING Stage layout_postprocess: run_id=4 pages=[4] start=1791478124.098 end=1791478124.104 duration=0.000s
2026-10-08 22:18:44,108 | DEBUG    | docling.pipeline.standard_pdf_pipeline | PIPELINE_PROFILING Stage layout_postprocess: run_id=4 pages=[3] start=1791478124.104 end=1791478124.108 duration=0.016s
2026-10-08 22:18:47,970 | DEBUG    | docling.pipeline.standard_pdf_pipeline | PIPELINE_PROFILING Stage table: run_id=4 pages=[4] start=1791478124.104 end=1791478127.971 duration=3.875s
2026-10-08 22:18:47,971 | DEBUG    | docling.pipeline.standard_pdf_pipeline | PIPELINE_PROFILING Stage assemble: run_id=4 pages=[4] start=1791478127.972 end=1791478127.972 duration=0.000s
2026-10-08 22:18:51,746 | DEBUG    | docling.pipeline.standard_pdf_pipeline | PIPELINE_PROFILING Stage table: run_id=4 pages=[3] start=1791478127.971 end=1791478131.747 duration=3.766s
2026-10-08 22:18:51,746 | DEBUG    | docling.pipeline.standard_pdf_pipeline | PIPELINE_PROFILING Stage assemble: run_id=4 pages=[3] start=1791478131.747 end=1791478131.747 duration=0.000s
2026-10-08 22:18:51,762 | INFO     | docling.document_converter | Finished converting document 04_fee_structure.pdf in 24.61 sec.
2026-10-08 22:18:51,776 | INFO     | docling.datamodel.document | detected formats: [<InputFormat.PDF: 'pdf'>]
2026-10-08 22:18:51,974 | INFO     | docling.document_converter | Going to convert document batch...
2026-10-08 22:18:51,975 | DEBUG    | docling.document_converter | Reusing cached pipeline for StandardPdfPipeline with options hash 8b48d2771f29deaa934c2b9c55f8e7a9
2026-10-08 22:18:51,975 | INFO     | docling.pipeline.base_pipeline | Processing document 05_scholarship_guidelines.pdf
2026-10-08 22:18:51,987 | DEBUG    | docling.pipeline.standard_pdf_pipeline | PIPELINE_PROFILING Stage preprocess: run_id=5 pages=[2] start=1791478131.984 end=1791478131.987 duration=0.000s
2026-10-08 22:18:51,992 | DEBUG    | docling.pipeline.standard_pdf_pipeline | PIPELINE_PROFILING Stage preprocess: run_id=5 pages=[1] start=1791478131.987 end=1791478131.993 duration=0.000s
2026-10-08 22:18:52,005 | DEBUG    | docling.pipeline.standard_pdf_pipeline | PIPELINE_PROFILING Stage preprocess: run_id=5 pages=[4] start=1791478131.998 end=1791478132.006 duration=0.015s
2026-10-08 22:18:52,016 | DEBUG    | docling.pipeline.standard_pdf_pipeline | PIPELINE_PROFILING Stage preprocess: run_id=5 pages=[3] start=1791478132.006 end=1791478132.016 duration=0.016s
2026-10-08 22:18:52,027 | DEBUG    | docling.pipeline.standard_pdf_pipeline | PIPELINE_PROFILING Stage preprocess: run_id=5 pages=[5] start=1791478132.016 end=1791478132.028 duration=0.000s
2026-10-08 22:18:52,916 | DEBUG    | docling.pipeline.standard_pdf_pipeline | PIPELINE_PROFILING Stage layout: run_id=5 pages=[2] start=1791478131.987 end=1791478132.917 duration=0.922s
2026-10-08 22:18:52,923 | DEBUG    | docling.pipeline.standard_pdf_pipeline | PIPELINE_PROFILING Stage ocr: run_id=5 pages=[2] start=1791478132.918 end=1791478132.924 duration=0.015s
2026-10-08 22:18:52,927 | DEBUG    | docling.pipeline.standard_pdf_pipeline | PIPELINE_PROFILING Stage layout_postprocess: run_id=5 pages=[2] start=1791478132.925 end=1791478132.927 duration=0.000s
2026-10-08 22:18:52,927 | DEBUG    | docling.pipeline.standard_pdf_pipeline | PIPELINE_PROFILING Stage table: run_id=5 pages=[2] start=1791478132.927 end=1791478132.927 duration=0.000s
2026-10-08 22:18:52,927 | DEBUG    | docling.pipeline.standard_pdf_pipeline | PIPELINE_PROFILING Stage assemble: run_id=5 pages=[2] start=1791478132.927 end=1791478132.927 duration=0.000s
2026-10-08 22:18:56,525 | DEBUG    | docling.pipeline.standard_pdf_pipeline | PIPELINE_PROFILING Stage layout: run_id=5 pages=[1, 4, 3, 5] start=1791478132.917 end=1791478136.526 duration=3.609s
2026-10-08 22:19:06,378 | DEBUG    | docling.pipeline.standard_pdf_pipeline | PIPELINE_PROFILING Stage ocr: run_id=5 pages=[1, 4, 3, 5] start=1791478136.526 end=1791478146.378 duration=9.859s
2026-10-08 22:19:06,380 | DEBUG    | docling.pipeline.standard_pdf_pipeline | PIPELINE_PROFILING Stage layout_postprocess: run_id=5 pages=[1] start=1791478146.379 end=1791478146.380 duration=0.000s
2026-10-08 22:19:06,380 | DEBUG    | docling.pipeline.standard_pdf_pipeline | PIPELINE_PROFILING Stage table: run_id=5 pages=[1] start=1791478146.380 end=1791478146.380 duration=0.000s
2026-10-08 22:19:06,380 | DEBUG    | docling.pipeline.standard_pdf_pipeline | PIPELINE_PROFILING Stage assemble: run_id=5 pages=[1] start=1791478146.380 end=1791478146.380 duration=0.000s
2026-10-08 22:19:06,384 | DEBUG    | docling.pipeline.standard_pdf_pipeline | PIPELINE_PROFILING Stage layout_postprocess: run_id=5 pages=[4] start=1791478146.380 end=1791478146.384 duration=0.000s
2026-10-08 22:19:06,389 | DEBUG    | docling.pipeline.standard_pdf_pipeline | PIPELINE_PROFILING Stage layout_postprocess: run_id=5 pages=[3] start=1791478146.384 end=1791478146.389 duration=0.016s
2026-10-08 22:19:06,392 | DEBUG    | docling.pipeline.standard_pdf_pipeline | PIPELINE_PROFILING Stage layout_postprocess: run_id=5 pages=[5] start=1791478146.389 end=1791478146.392 duration=0.000s
2026-10-08 22:19:08,573 | DEBUG    | docling.pipeline.standard_pdf_pipeline | PIPELINE_PROFILING Stage table: run_id=5 pages=[4] start=1791478146.384 end=1791478148.573 duration=2.188s
2026-10-08 22:19:08,574 | DEBUG    | docling.pipeline.standard_pdf_pipeline | PIPELINE_PROFILING Stage assemble: run_id=5 pages=[4] start=1791478148.574 end=1791478148.574 duration=0.000s
2026-10-08 22:19:12,970 | DEBUG    | docling.pipeline.standard_pdf_pipeline | PIPELINE_PROFILING Stage table: run_id=5 pages=[3, 5] start=1791478148.573 end=1791478152.970 duration=4.406s
2026-10-08 22:19:12,971 | DEBUG    | docling.pipeline.standard_pdf_pipeline | PIPELINE_PROFILING Stage assemble: run_id=5 pages=[3] start=1791478152.970 end=1791478152.971 duration=0.000s
2026-10-08 22:19:12,973 | DEBUG    | docling.pipeline.standard_pdf_pipeline | PIPELINE_PROFILING Stage assemble: run_id=5 pages=[5] start=1791478152.972 end=1791478152.973 duration=0.000s
2026-10-08 22:19:12,995 | INFO     | docling.document_converter | Finished converting document 05_scholarship_guidelines.pdf in 21.24 sec.
2026-10-08 22:19:13,075 | INFO     | __main__ | [1/4] Document extraction completed
2026-10-08 22:19:13,075 | INFO     | __main__ | [2/4] Starting document chunking
2026-10-08 22:19:13,107 | INFO     | __main__ | [2/4] Document chunking completed
2026-10-08 22:19:13,108 | INFO     | __main__ | [3/4] Starting chunk refinement
2026-10-08 22:19:13,108 | INFO     | src.utils.logger | ========== CHUNK REFINEMENT STARTED ==========
2026-10-08 22:19:13,108 | INFO     | src.utils.logger | Loading chunks from: D:\RAG\data\processed\user_123\chunks\chunks.json
2026-10-08 22:19:13,122 | INFO     | src.utils.logger | Successfully loaded 102 chunks.
2026-10-08 22:19:13,122 | DEBUG    | src.utils.logger | Chunk 01_student_handbook_chunk_1 is within size limit: 37 characters.
2026-10-08 22:19:13,122 | DEBUG    | src.utils.logger | Chunk 01_student_handbook_chunk_2 is within size limit: 374 characters.
2026-10-08 22:19:13,122 | DEBUG    | src.utils.logger | Chunk 01_student_handbook_chunk_3 is within size limit: 331 characters.
2026-10-08 22:19:13,122 | DEBUG    | src.utils.logger | Chunk 01_student_handbook_chunk_4 is within size limit: 796 characters.
2026-10-08 22:19:13,122 | DEBUG    | src.utils.logger | Chunk 01_student_handbook_chunk_5 is within size limit: 908 characters.
2026-10-08 22:19:13,122 | DEBUG    | src.utils.logger | Chunk 01_student_handbook_chunk_6 is within size limit: 652 characters.
2026-10-08 22:19:13,122 | DEBUG    | src.utils.logger | Chunk 01_student_handbook_chunk_7 is within size limit: 1116 characters.
2026-10-08 22:19:13,122 | DEBUG    | src.utils.logger | Chunk 01_student_handbook_chunk_8 is within size limit: 796 characters.
2026-10-08 22:19:13,122 | DEBUG    | src.utils.logger | Chunk 01_student_handbook_chunk_9 is within size limit: 963 characters.
2026-10-08 22:19:13,122 | DEBUG    | src.utils.logger | Chunk 01_student_handbook_chunk_10 is within size limit: 533 characters.
2026-10-08 22:19:13,122 | DEBUG    | src.utils.logger | Chunk 01_student_handbook_chunk_11 is within size limit: 562 characters.
2026-10-08 22:19:13,122 | DEBUG    | src.utils.logger | Chunk 01_student_handbook_chunk_12 is within size limit: 476 characters.
2026-10-08 22:19:13,122 | DEBUG    | src.utils.logger | Chunk 01_student_handbook_chunk_13 is within size limit: 526 characters.
2026-10-08 22:19:13,122 | DEBUG    | src.utils.logger | Chunk 01_student_handbook_chunk_14 is within size limit: 351 characters.
2026-10-08 22:19:13,122 | DEBUG    | src.utils.logger | Chunk 02_academic_regulations_chunk_1 is within size limit: 37 characters.
2026-10-08 22:19:13,123 | DEBUG    | src.utils.logger | Chunk 02_academic_regulations_chunk_2 is within size limit: 1157 characters.
2026-10-08 22:19:13,123 | DEBUG    | src.utils.logger | Chunk 02_academic_regulations_chunk_3 is within size limit: 2027 characters.
2026-10-08 22:19:13,123 | DEBUG    | src.utils.logger | Chunk 02_academic_regulations_chunk_4 is within size limit: 780 characters.
2026-10-08 22:19:13,123 | DEBUG    | src.utils.logger | Chunk 02_academic_regulations_chunk_5 is within size limit: 733 characters.
2026-10-08 22:19:13,123 | DEBUG    | src.utils.logger | Chunk 02_academic_regulations_chunk_6 is within size limit: 19 characters.
2026-10-08 22:19:13,123 | DEBUG    | src.utils.logger | Chunk 02_academic_regulations_chunk_7 is within size limit: 11 characters.
2026-10-08 22:19:13,123 | DEBUG    | src.utils.logger | Chunk 02_academic_regulations_chunk_8 is within size limit: 1009 characters.
2026-10-08 22:19:13,123 | DEBUG    | src.utils.logger | Chunk 02_academic_regulations_chunk_9 is within size limit: 858 characters.
2026-10-08 22:19:13,123 | DEBUG    | src.utils.logger | Chunk 02_academic_regulations_chunk_10 is within size limit: 2039 characters.
2026-10-08 22:19:13,123 | DEBUG    | src.utils.logger | Chunk 02_academic_regulations_chunk_11 is within size limit: 315 characters.
2026-10-08 22:19:13,123 | DEBUG    | src.utils.logger | Chunk 02_academic_regulations_chunk_12 is within size limit: 11 characters.
2026-10-08 22:19:13,123 | DEBUG    | src.utils.logger | Chunk 02_academic_regulations_chunk_13 is within size limit: 3388 characters.
2026-10-08 22:19:13,123 | DEBUG    | src.utils.logger | Chunk 02_academic_regulations_chunk_14 is within size limit: 1321 characters.
2026-10-08 22:19:13,123 | DEBUG    | src.utils.logger | Chunk 02_academic_regulations_chunk_15 is within size limit: 2200 characters.
2026-10-08 22:19:13,123 | DEBUG    | src.utils.logger | Chunk 02_academic_regulations_chunk_16 is within size limit: 1768 characters.
2026-10-08 22:19:13,123 | DEBUG    | src.utils.logger | Chunk 02_academic_regulations_chunk_17 is within size limit: 989 characters.
2026-10-08 22:19:13,123 | DEBUG    | src.utils.logger | Chunk 02_academic_regulations_chunk_18 is within size limit: 11 characters.
2026-10-08 22:19:13,123 | DEBUG    | src.utils.logger | Chunk 02_academic_regulations_chunk_19 is within size limit: 371 characters.
2026-10-08 22:19:13,123 | DEBUG    | src.utils.logger | Chunk 02_academic_regulations_chunk_20 is within size limit: 1639 characters.
2026-10-08 22:19:13,123 | DEBUG    | src.utils.logger | Chunk 02_academic_regulations_chunk_21 is within size limit: 1516 characters.
2026-10-08 22:19:13,123 | DEBUG    | src.utils.logger | Chunk 02_academic_regulations_chunk_22 is within size limit: 1599 characters.
2026-10-08 22:19:13,123 | DEBUG    | src.utils.logger | Chunk 02_academic_regulations_chunk_23 is within size limit: 1693 characters.
2026-10-08 22:19:13,123 | DEBUG    | src.utils.logger | Chunk 02_academic_regulations_chunk_24 is within size limit: 11 characters.
2026-10-08 22:19:13,123 | DEBUG    | src.utils.logger | Chunk 02_academic_regulations_chunk_25 is within size limit: 693 characters.
2026-10-08 22:19:13,123 | DEBUG    | src.utils.logger | Chunk 02_academic_regulations_chunk_26 is within size limit: 1256 characters.
2026-10-08 22:19:13,123 | DEBUG    | src.utils.logger | Chunk 02_academic_regulations_chunk_27 is within size limit: 2388 characters.
2026-10-08 22:19:13,123 | DEBUG    | src.utils.logger | Chunk 02_academic_regulations_chunk_28 is within size limit: 912 characters.
2026-10-08 22:19:13,123 | DEBUG    | src.utils.logger | Chunk 02_academic_regulations_chunk_29 is within size limit: 11 characters.
2026-10-08 22:19:13,123 | DEBUG    | src.utils.logger | Chunk 02_academic_regulations_chunk_30 is within size limit: 2160 characters.
2026-10-08 22:19:13,123 | DEBUG    | src.utils.logger | Chunk 02_academic_regulations_chunk_31 is within size limit: 1095 characters.
2026-10-08 22:19:13,123 | DEBUG    | src.utils.logger | Chunk 02_academic_regulations_chunk_32 is within size limit: 464 characters.
2026-10-08 22:19:13,123 | DEBUG    | src.utils.logger | Chunk 02_academic_regulations_chunk_33 is within size limit: 206 characters.
2026-10-08 22:19:13,123 | DEBUG    | src.utils.logger | Chunk 02_academic_regulations_chunk_34 is within size limit: 635 characters.
2026-10-08 22:19:13,123 | DEBUG    | src.utils.logger | Chunk 02_academic_regulations_chunk_35 is within size limit: 11 characters.
2026-10-08 22:19:13,123 | DEBUG    | src.utils.logger | Chunk 02_academic_regulations_chunk_36 is within size limit: 1314 characters.
2026-10-08 22:19:13,123 | DEBUG    | src.utils.logger | Chunk 02_academic_regulations_chunk_37 is within size limit: 240 characters.
2026-10-08 22:19:13,123 | DEBUG    | src.utils.logger | Chunk 02_academic_regulations_chunk_38 is within size limit: 1892 characters.
2026-10-08 22:19:13,123 | DEBUG    | src.utils.logger | Chunk 02_academic_regulations_chunk_39 is within size limit: 355 characters.
2026-10-08 22:19:13,123 | DEBUG    | src.utils.logger | Chunk 02_academic_regulations_chunk_40 is within size limit: 11 characters.
2026-10-08 22:19:13,123 | DEBUG    | src.utils.logger | Chunk 02_academic_regulations_chunk_41 is within size limit: 1928 characters.
2026-10-08 22:19:13,123 | DEBUG    | src.utils.logger | Chunk 02_academic_regulations_chunk_42 is within size limit: 865 characters.
2026-10-08 22:19:13,123 | DEBUG    | src.utils.logger | Chunk 02_academic_regulations_chunk_43 is within size limit: 334 characters.
2026-10-08 22:19:13,123 | DEBUG    | src.utils.logger | Chunk 02_academic_regulations_chunk_44 is within size limit: 12 characters.
2026-10-08 22:19:13,123 | DEBUG    | src.utils.logger | Chunk 02_academic_regulations_chunk_45 is within size limit: 2002 characters.
2026-10-08 22:19:13,123 | DEBUG    | src.utils.logger | Chunk 03_examination_guidelines_chunk_1 is within size limit: 37 characters.
2026-10-08 22:19:13,123 | DEBUG    | src.utils.logger | Chunk 03_examination_guidelines_chunk_2 is within size limit: 378 characters.
2026-10-08 22:19:13,123 | DEBUG    | src.utils.logger | Chunk 03_examination_guidelines_chunk_3 is within size limit: 343 characters.
2026-10-08 22:19:13,123 | DEBUG    | src.utils.logger | Chunk 03_examination_guidelines_chunk_4 is within size limit: 435 characters.
2026-10-08 22:19:13,123 | DEBUG    | src.utils.logger | Chunk 03_examination_guidelines_chunk_5 is within size limit: 879 characters.
2026-10-08 22:19:13,123 | DEBUG    | src.utils.logger | Chunk 03_examination_guidelines_chunk_6 is within size limit: 653 characters.
2026-10-08 22:19:13,123 | DEBUG    | src.utils.logger | Chunk 03_examination_guidelines_chunk_7 is within size limit: 415 characters.
2026-10-08 22:19:13,124 | DEBUG    | src.utils.logger | Chunk 03_examination_guidelines_chunk_8 is within size limit: 933 characters.
2026-10-08 22:19:13,124 | DEBUG    | src.utils.logger | Chunk 03_examination_guidelines_chunk_9 is within size limit: 463 characters.
2026-10-08 22:19:13,124 | DEBUG    | src.utils.logger | Chunk 03_examination_guidelines_chunk_10 is within size limit: 398 characters.
2026-10-08 22:19:13,124 | DEBUG    | src.utils.logger | Chunk 03_examination_guidelines_chunk_11 is within size limit: 795 characters.
2026-10-08 22:19:13,124 | DEBUG    | src.utils.logger | Chunk 03_examination_guidelines_chunk_12 is within size limit: 493 characters.
2026-10-08 22:19:13,124 | DEBUG    | src.utils.logger | Chunk 03_examination_guidelines_chunk_13 is within size limit: 353 characters.
2026-10-08 22:19:13,124 | DEBUG    | src.utils.logger | Chunk 03_examination_guidelines_chunk_14 is within size limit: 267 characters.
2026-10-08 22:19:13,124 | DEBUG    | src.utils.logger | Chunk 03_examination_guidelines_chunk_15 is within size limit: 245 characters.
2026-10-08 22:19:13,124 | DEBUG    | src.utils.logger | Chunk 04_fee_structure_chunk_1 is within size limit: 37 characters.
2026-10-08 22:19:13,124 | DEBUG    | src.utils.logger | Chunk 04_fee_structure_chunk_2 is within size limit: 371 characters.
2026-10-08 22:19:13,124 | DEBUG    | src.utils.logger | Chunk 04_fee_structure_chunk_3 is within size limit: 296 characters.
2026-10-08 22:19:13,124 | DEBUG    | src.utils.logger | Chunk 04_fee_structure_chunk_4 is within size limit: 425 characters.
2026-10-08 22:19:13,124 | DEBUG    | src.utils.logger | Chunk 04_fee_structure_chunk_5 is within size limit: 919 characters.
2026-10-08 22:19:13,124 | DEBUG    | src.utils.logger | Chunk 04_fee_structure_chunk_6 is within size limit: 614 characters.
2026-10-08 22:19:13,124 | DEBUG    | src.utils.logger | Chunk 04_fee_structure_chunk_7 is within size limit: 955 characters.
2026-10-08 22:19:13,124 | DEBUG    | src.utils.logger | Chunk 04_fee_structure_chunk_8 is within size limit: 880 characters.
2026-10-08 22:19:13,124 | DEBUG    | src.utils.logger | Chunk 04_fee_structure_chunk_9 is within size limit: 534 characters.
2026-10-08 22:19:13,124 | DEBUG    | src.utils.logger | Chunk 04_fee_structure_chunk_10 is within size limit: 575 characters.
2026-10-08 22:19:13,124 | DEBUG    | src.utils.logger | Chunk 04_fee_structure_chunk_11 is within size limit: 972 characters.
2026-10-08 22:19:13,124 | DEBUG    | src.utils.logger | Chunk 04_fee_structure_chunk_12 is within size limit: 246 characters.
2026-10-08 22:19:13,124 | DEBUG    | src.utils.logger | Chunk 04_fee_structure_chunk_13 is within size limit: 451 characters.
2026-10-08 22:19:13,124 | DEBUG    | src.utils.logger | Chunk 04_fee_structure_chunk_14 is within size limit: 357 characters.
2026-10-08 22:19:13,124 | DEBUG    | src.utils.logger | Chunk 05_scholarship_guidelines_chunk_1 is within size limit: 37 characters.
2026-10-08 22:19:13,124 | DEBUG    | src.utils.logger | Chunk 05_scholarship_guidelines_chunk_2 is within size limit: 369 characters.
2026-10-08 22:19:13,124 | DEBUG    | src.utils.logger | Chunk 05_scholarship_guidelines_chunk_3 is within size limit: 322 characters.
2026-10-08 22:19:13,124 | DEBUG    | src.utils.logger | Chunk 05_scholarship_guidelines_chunk_4 is within size limit: 512 characters.
2026-10-08 22:19:13,124 | DEBUG    | src.utils.logger | Chunk 05_scholarship_guidelines_chunk_5 is within size limit: 931 characters.
2026-10-08 22:19:13,124 | DEBUG    | src.utils.logger | Chunk 05_scholarship_guidelines_chunk_6 is within size limit: 1091 characters.
2026-10-08 22:19:13,124 | DEBUG    | src.utils.logger | Chunk 05_scholarship_guidelines_chunk_7 is within size limit: 738 characters.
2026-10-08 22:19:13,124 | DEBUG    | src.utils.logger | Chunk 05_scholarship_guidelines_chunk_8 is within size limit: 629 characters.
2026-10-08 22:19:13,124 | DEBUG    | src.utils.logger | Chunk 05_scholarship_guidelines_chunk_9 is within size limit: 1017 characters.
2026-10-08 22:19:13,124 | DEBUG    | src.utils.logger | Chunk 05_scholarship_guidelines_chunk_10 is within size limit: 776 characters.
2026-10-08 22:19:13,124 | DEBUG    | src.utils.logger | Chunk 05_scholarship_guidelines_chunk_11 is within size limit: 1102 characters.
2026-10-08 22:19:13,124 | DEBUG    | src.utils.logger | Chunk 05_scholarship_guidelines_chunk_12 is within size limit: 432 characters.
2026-10-08 22:19:13,124 | DEBUG    | src.utils.logger | Chunk 05_scholarship_guidelines_chunk_13 is within size limit: 265 characters.
2026-10-08 22:19:13,124 | DEBUG    | src.utils.logger | Chunk 05_scholarship_guidelines_chunk_14 is within size limit: 360 characters.
2026-10-08 22:19:13,129 | INFO     | src.utils.logger | ========== CHUNK REFINEMENT COMPLETED ==========
2026-10-08 22:19:13,129 | INFO     | src.utils.logger | Original chunks     : 102
2026-10-08 22:19:13,129 | INFO     | src.utils.logger | Processed chunks    : 102
2026-10-08 22:19:13,129 | INFO     | src.utils.logger | Skipped chunks      : 0
2026-10-08 22:19:13,129 | INFO     | src.utils.logger | Failed chunks       : 0
2026-10-08 22:19:13,129 | INFO     | src.utils.logger | Oversized chunks    : 0
2026-10-08 22:19:13,129 | INFO     | src.utils.logger | Final chunks        : 102
2026-10-08 22:19:13,129 | INFO     | src.utils.logger | Still oversized     : 0
2026-10-08 22:19:13,129 | INFO     | src.utils.logger | Output file         : D:\RAG\data\processed\user_123\chunks\final_chunks.json
2026-10-08 22:19:13,129 | INFO     | __main__ | [3/4] Chunk refinement completed
2026-10-08 22:19:13,129 | INFO     | __main__ | [4/4] Starting embedding and vector indexing
2026-10-08 22:19:13,129 | INFO     | src.utils.logger | Starting vector store build: data\processed\user_123\chunks\final_chunks.json
2026-10-08 22:19:13,129 | INFO     | src.utils.logger | Initializing Ollama embedding model: qwen3-embedding:0.6b
2026-10-08 22:19:13,514 | INFO     | src.utils.logger | No existing vector store found.
2026-10-08 22:19:13,514 | INFO     | src.utils.logger | Loading chunks from: D:\RAG\data\processed\user_123\chunks\final_chunks.json
2026-10-08 22:19:13,528 | INFO     | src.utils.logger | Successfully created 102 LangChain documents.
2026-10-08 22:19:13,529 | INFO     | src.utils.logger | Creating embeddings for 102 documents.
2026-10-08 22:19:13,529 | INFO     | src.utils.logger | Creating FAISS vector store for 102 documents.
2026-10-08 22:19:13,530 | DEBUG    | httpcore.connection | connect_tcp.started host='127.0.0.1' port=11434 local_address=None timeout=None socket_options=None
2026-10-08 22:19:13,530 | DEBUG    | httpcore.connection | connect_tcp.complete return_value=<httpcore._backends.sync.SyncStream object at 0x0000012FCD192480>
2026-10-08 22:19:13,531 | DEBUG    | httpcore.http11 | send_request_headers.started request=<Request [b'POST']>
2026-10-08 22:19:13,531 | DEBUG    | httpcore.http11 | send_request_headers.complete
2026-10-08 22:19:13,531 | DEBUG    | httpcore.http11 | send_request_body.started request=<Request [b'POST']>
2026-10-08 22:19:13,531 | DEBUG    | httpcore.http11 | send_request_body.complete
2026-10-08 22:19:13,531 | DEBUG    | httpcore.http11 | receive_response_headers.started request=<Request [b'POST']>
2026-10-08 22:19:21,027 | DEBUG    | httpcore.http11 | receive_response_headers.complete return_value=(b'HTTP/1.1', 200, b'OK', [(b'Content-Type', b'application/json; charset=utf-8'), (b'Date', b'Thu, 08 Oct 2026 16:49:21 GMT'), (b'Transfer-Encoding', b'chunked')])
2026-10-08 22:19:21,027 | INFO     | httpx | HTTP Request: POST http://127.0.0.1:11434/api/embed "HTTP/1.1 200 OK"
2026-10-08 22:19:21,027 | DEBUG    | httpcore.http11 | receive_response_body.started request=<Request [b'POST']>
2026-10-08 22:19:21,030 | DEBUG    | httpcore.http11 | receive_response_body.complete
2026-10-08 22:19:21,030 | DEBUG    | httpcore.http11 | response_closed.started
2026-10-08 22:19:21,030 | DEBUG    | httpcore.http11 | response_closed.complete
2026-10-08 22:19:21,055 | DEBUG    | faiss.loader | Environment variable FAISS_OPT_LEVEL is not set, so let's pick the instruction set according to the current CPU
2026-10-08 22:19:21,055 | INFO     | faiss.loader | Loading faiss with AVX512 support.
2026-10-08 22:19:21,055 | INFO     | faiss.loader | Could not load library with AVX512 support due to:
ModuleNotFoundError("No module named 'faiss.swigfaiss_avx512'")
2026-10-08 22:19:21,055 | INFO     | faiss.loader | Loading faiss with AVX2 support.
2026-10-08 22:19:21,055 | INFO     | faiss.loader | Could not load library with AVX2 support due to:
ModuleNotFoundError("No module named 'faiss.swigfaiss_avx2'")
2026-10-08 22:19:21,055 | INFO     | faiss.loader | Loading faiss.
2026-10-08 22:19:21,079 | INFO     | faiss.loader | Successfully loaded faiss.
2026-10-08 22:19:21,090 | INFO     | src.utils.logger | FAISS vector store created successfully.
2026-10-08 22:19:21,093 | INFO     | src.utils.logger | Vector store saved successfully: D:\RAG\data\processed\user_123\vector_store
2026-10-08 22:19:21,094 | INFO     | src.utils.logger | Vector store created and saved successfully.
2026-10-08 22:19:21,096 | INFO     | __main__ | [4/4] Embedding and vector indexing completed
2026-10-08 22:19:21,097 | INFO     | __main__ | Document pipeline completed successfully
2026-10-08 22:19:21,098 | DEBUG    | httpcore.connection | close.started
2026-10-08 22:19:21,098 | DEBUG    | httpcore.connection | close.complete
2026-10-09 08:04:07,521 | DEBUG    | agent_framework | Required setting 'model_id' was not provided. Set it via the 'model_id' parameter or the 'OLLAMA_MODEL_ID' environment variable.
2026-10-09 08:07:49,770 | DEBUG    | asyncio | Using proactor: IocpProactor
2026-10-09 08:07:50,181 | DEBUG    | httpcore.connection | connect_tcp.started host='127.0.0.1' port=11434 local_address=None timeout=None socket_options=None
2026-10-09 08:07:50,183 | DEBUG    | httpcore.connection | connect_tcp.complete return_value=<httpcore._backends.anyio.AnyIOStream object at 0x000002024D3711C0>
2026-10-09 08:07:50,183 | DEBUG    | httpcore.http11 | send_request_headers.started request=<Request [b'POST']>
2026-10-09 08:07:50,183 | DEBUG    | httpcore.http11 | send_request_headers.complete
2026-10-09 08:07:50,184 | DEBUG    | httpcore.http11 | send_request_body.started request=<Request [b'POST']>
2026-10-09 08:07:50,184 | DEBUG    | httpcore.http11 | send_request_body.complete
2026-10-09 08:07:50,184 | DEBUG    | httpcore.http11 | receive_response_headers.started request=<Request [b'POST']>
2026-10-09 08:08:26,098 | DEBUG    | httpcore.http11 | receive_response_headers.complete return_value=(b'HTTP/1.1', 200, b'OK', [(b'Content-Type', b'application/json; charset=utf-8'), (b'Date', b'Fri, 09 Oct 2026 02:38:26 GMT'), (b'Content-Length', b'360')])
2026-10-09 08:08:26,098 | INFO     | httpx | HTTP Request: POST http://127.0.0.1:11434/api/chat "HTTP/1.1 200 OK"
2026-10-09 08:08:26,098 | DEBUG    | httpcore.http11 | receive_response_body.started request=<Request [b'POST']>
2026-10-09 08:08:26,099 | DEBUG    | httpcore.http11 | receive_response_body.complete
2026-10-09 08:08:26,099 | DEBUG    | httpcore.http11 | response_closed.started
2026-10-09 08:08:26,099 | DEBUG    | httpcore.http11 | response_closed.complete
2026-10-09 08:18:23,375 | DEBUG    | asyncio | Using proactor: IocpProactor
2026-10-09 08:18:23,567 | DEBUG    | httpcore.connection | connect_tcp.started host='127.0.0.1' port=11434 local_address=None timeout=None socket_options=None
2026-10-09 08:18:23,568 | DEBUG    | httpcore.connection | connect_tcp.complete return_value=<httpcore._backends.anyio.AnyIOStream object at 0x000001CCE096CFB0>
2026-10-09 08:18:23,569 | DEBUG    | httpcore.http11 | send_request_headers.started request=<Request [b'POST']>
2026-10-09 08:18:23,570 | DEBUG    | httpcore.http11 | send_request_headers.complete
2026-10-09 08:18:23,570 | DEBUG    | httpcore.http11 | send_request_body.started request=<Request [b'POST']>
2026-10-09 08:18:23,570 | DEBUG    | httpcore.http11 | send_request_body.complete
2026-10-09 08:18:23,570 | DEBUG    | httpcore.http11 | receive_response_headers.started request=<Request [b'POST']>
2026-10-09 08:18:27,457 | DEBUG    | httpcore.http11 | receive_response_headers.complete return_value=(b'HTTP/1.1', 200, b'OK', [(b'Content-Type', b'application/json; charset=utf-8'), (b'Date', b'Fri, 09 Oct 2026 02:48:27 GMT'), (b'Content-Length', b'355')])
2026-10-09 08:18:27,458 | INFO     | httpx | HTTP Request: POST http://127.0.0.1:11434/api/chat "HTTP/1.1 200 OK"
2026-10-09 08:18:27,459 | DEBUG    | httpcore.http11 | receive_response_body.started request=<Request [b'POST']>
2026-10-09 08:18:27,459 | DEBUG    | httpcore.http11 | receive_response_body.complete
2026-10-09 08:18:27,459 | DEBUG    | httpcore.http11 | response_closed.started
2026-10-09 08:18:27,459 | DEBUG    | httpcore.http11 | response_closed.complete
2026-10-09 08:18:42,076 | DEBUG    | asyncio | Using proactor: IocpProactor
2026-10-09 08:18:42,077 | DEBUG    | agent_framework | Required setting 'model_id' was not provided. Set it via the 'model_id' parameter or the 'OLLAMA_MODEL_ID' environment variable.
2026-10-09 08:19:04,508 | DEBUG    | asyncio | Using proactor: IocpProactor
2026-10-09 08:19:04,693 | DEBUG    | httpcore.connection | connect_tcp.started host='127.0.0.1' port=11434 local_address=None timeout=None socket_options=None
2026-10-09 08:19:04,694 | DEBUG    | httpcore.connection | connect_tcp.complete return_value=<httpcore._backends.anyio.AnyIOStream object at 0x0000028936763050>
2026-10-09 08:19:04,694 | DEBUG    | httpcore.http11 | send_request_headers.started request=<Request [b'POST']>
2026-10-09 08:19:04,695 | DEBUG    | httpcore.http11 | send_request_headers.complete
2026-10-09 08:19:04,695 | DEBUG    | httpcore.http11 | send_request_body.started request=<Request [b'POST']>
2026-10-09 08:19:04,695 | DEBUG    | httpcore.http11 | send_request_body.complete
2026-10-09 08:19:04,695 | DEBUG    | httpcore.http11 | receive_response_headers.started request=<Request [b'POST']>
2026-10-09 08:19:05,076 | DEBUG    | httpcore.http11 | receive_response_headers.complete return_value=(b'HTTP/1.1', 200, b'OK', [(b'Content-Type', b'application/json; charset=utf-8'), (b'Date', b'Fri, 09 Oct 2026 02:49:05 GMT'), (b'Content-Length', b'372')])
2026-10-09 08:19:05,076 | INFO     | httpx | HTTP Request: POST http://127.0.0.1:11434/api/chat "HTTP/1.1 200 OK"
2026-10-09 08:19:05,076 | DEBUG    | httpcore.http11 | receive_response_body.started request=<Request [b'POST']>
2026-10-09 08:19:05,076 | DEBUG    | httpcore.http11 | receive_response_body.complete
2026-10-09 08:19:05,077 | DEBUG    | httpcore.http11 | response_closed.started
2026-10-09 08:19:05,077 | DEBUG    | httpcore.http11 | response_closed.complete
2026-10-09 08:19:49,508 | DEBUG    | asyncio | Using proactor: IocpProactor
2026-10-09 08:19:49,694 | DEBUG    | httpcore.connection | connect_tcp.started host='127.0.0.1' port=11434 local_address=None timeout=None socket_options=None
2026-10-09 08:19:49,696 | DEBUG    | httpcore.connection | connect_tcp.complete return_value=<httpcore._backends.anyio.AnyIOStream object at 0x000001F7E83094F0>
2026-10-09 08:19:49,696 | DEBUG    | httpcore.http11 | send_request_headers.started request=<Request [b'POST']>
2026-10-09 08:19:49,696 | DEBUG    | httpcore.http11 | send_request_headers.complete
2026-10-09 08:19:49,696 | DEBUG    | httpcore.http11 | send_request_body.started request=<Request [b'POST']>
2026-10-09 08:19:49,696 | DEBUG    | httpcore.http11 | send_request_body.complete
2026-10-09 08:19:49,696 | DEBUG    | httpcore.http11 | receive_response_headers.started request=<Request [b'POST']>
2026-10-09 08:19:50,065 | DEBUG    | httpcore.http11 | receive_response_headers.complete return_value=(b'HTTP/1.1', 200, b'OK', [(b'Content-Type', b'application/json; charset=utf-8'), (b'Date', b'Fri, 09 Oct 2026 02:49:50 GMT'), (b'Content-Length', b'373')])
2026-10-09 08:19:50,066 | INFO     | httpx | HTTP Request: POST http://127.0.0.1:11434/api/chat "HTTP/1.1 200 OK"
2026-10-09 08:19:50,066 | DEBUG    | httpcore.http11 | receive_response_body.started request=<Request [b'POST']>
2026-10-09 08:19:50,066 | DEBUG    | httpcore.http11 | receive_response_body.complete
2026-10-09 08:19:50,066 | DEBUG    | httpcore.http11 | response_closed.started
2026-10-09 08:19:50,066 | DEBUG    | httpcore.http11 | response_closed.complete
2026-10-09 08:23:57,858 | DEBUG    | asyncio | Using proactor: IocpProactor
2026-10-09 08:23:58,036 | DEBUG    | httpcore.connection | connect_tcp.started host='127.0.0.1' port=11434 local_address=None timeout=None socket_options=None
2026-10-09 08:23:58,038 | DEBUG    | httpcore.connection | connect_tcp.complete return_value=<httpcore._backends.anyio.AnyIOStream object at 0x000001FEFF06CFB0>
2026-10-09 08:23:58,038 | DEBUG    | httpcore.http11 | send_request_headers.started request=<Request [b'POST']>
2026-10-09 08:23:58,038 | DEBUG    | httpcore.http11 | send_request_headers.complete
2026-10-09 08:23:58,038 | DEBUG    | httpcore.http11 | send_request_body.started request=<Request [b'POST']>
2026-10-09 08:23:58,038 | DEBUG    | httpcore.http11 | send_request_body.complete
2026-10-09 08:23:58,038 | DEBUG    | httpcore.http11 | receive_response_headers.started request=<Request [b'POST']>
2026-10-09 08:23:58,289 | DEBUG    | httpcore.http11 | receive_response_headers.complete return_value=(b'HTTP/1.1', 200, b'OK', [(b'Content-Type', b'application/json; charset=utf-8'), (b'Date', b'Fri, 09 Oct 2026 02:53:58 GMT'), (b'Content-Length', b'373')])
2026-10-09 08:23:58,289 | INFO     | httpx | HTTP Request: POST http://127.0.0.1:11434/api/chat "HTTP/1.1 200 OK"
2026-10-09 08:23:58,289 | DEBUG    | httpcore.http11 | receive_response_body.started request=<Request [b'POST']>
2026-10-09 08:23:58,290 | DEBUG    | httpcore.http11 | receive_response_body.complete
2026-10-09 08:23:58,290 | DEBUG    | httpcore.http11 | response_closed.started
2026-10-09 08:23:58,290 | DEBUG    | httpcore.http11 | response_closed.complete
2026-10-09 08:23:58,291 | DEBUG    | asyncio | Using proactor: IocpProactor
2026-10-09 08:23:58,441 | DEBUG    | httpcore.connection | connect_tcp.started host='127.0.0.1' port=11434 local_address=None timeout=None socket_options=None
2026-10-09 08:23:58,442 | DEBUG    | httpcore.connection | connect_tcp.complete return_value=<httpcore._backends.anyio.AnyIOStream object at 0x000001FEFF2A2B70>
2026-10-09 08:23:58,442 | DEBUG    | httpcore.http11 | send_request_headers.started request=<Request [b'POST']>
2026-10-09 08:23:58,443 | DEBUG    | httpcore.http11 | send_request_headers.complete
2026-10-09 08:23:58,443 | DEBUG    | httpcore.http11 | send_request_body.started request=<Request [b'POST']>
2026-10-09 08:23:58,443 | DEBUG    | httpcore.http11 | send_request_body.complete
2026-10-09 08:23:58,443 | DEBUG    | httpcore.http11 | receive_response_headers.started request=<Request [b'POST']>
2026-10-09 08:23:58,616 | DEBUG    | httpcore.http11 | receive_response_headers.complete return_value=(b'HTTP/1.1', 200, b'OK', [(b'Content-Type', b'application/json; charset=utf-8'), (b'Date', b'Fri, 09 Oct 2026 02:53:58 GMT'), (b'Content-Length', b'372')])
2026-10-09 08:23:58,616 | INFO     | httpx | HTTP Request: POST http://127.0.0.1:11434/api/chat "HTTP/1.1 200 OK"
2026-10-09 08:23:58,617 | DEBUG    | httpcore.http11 | receive_response_body.started request=<Request [b'POST']>
2026-10-09 08:23:58,617 | DEBUG    | httpcore.http11 | receive_response_body.complete
2026-10-09 08:23:58,617 | DEBUG    | httpcore.http11 | response_closed.started
2026-10-09 08:23:58,617 | DEBUG    | httpcore.http11 | response_closed.complete
2026-10-09 08:24:20,248 | DEBUG    | asyncio | Using proactor: IocpProactor
2026-10-09 08:24:20,412 | DEBUG    | httpcore.connection | connect_tcp.started host='127.0.0.1' port=11434 local_address=None timeout=None socket_options=None
2026-10-09 08:24:20,413 | DEBUG    | httpcore.connection | connect_tcp.complete return_value=<httpcore._backends.anyio.AnyIOStream object at 0x000001E6ED7C0320>
2026-10-09 08:24:20,413 | DEBUG    | httpcore.http11 | send_request_headers.started request=<Request [b'POST']>
2026-10-09 08:24:20,413 | DEBUG    | httpcore.http11 | send_request_headers.complete
2026-10-09 08:24:20,413 | DEBUG    | httpcore.http11 | send_request_body.started request=<Request [b'POST']>
2026-10-09 08:24:20,413 | DEBUG    | httpcore.http11 | send_request_body.complete
2026-10-09 08:24:20,413 | DEBUG    | httpcore.http11 | receive_response_headers.started request=<Request [b'POST']>
2026-10-09 08:24:20,676 | DEBUG    | httpcore.http11 | receive_response_headers.complete return_value=(b'HTTP/1.1', 200, b'OK', [(b'Content-Type', b'application/json; charset=utf-8'), (b'Date', b'Fri, 09 Oct 2026 02:54:20 GMT'), (b'Content-Length', b'372')])
2026-10-09 08:24:20,676 | INFO     | httpx | HTTP Request: POST http://127.0.0.1:11434/api/chat "HTTP/1.1 200 OK"
2026-10-09 08:24:20,676 | DEBUG    | httpcore.http11 | receive_response_body.started request=<Request [b'POST']>
2026-10-09 08:24:20,677 | DEBUG    | httpcore.http11 | receive_response_body.complete
2026-10-09 08:24:20,677 | DEBUG    | httpcore.http11 | response_closed.started
2026-10-09 08:24:20,677 | DEBUG    | httpcore.http11 | response_closed.complete
2026-10-09 08:24:20,678 | DEBUG    | asyncio | Using proactor: IocpProactor
2026-10-09 08:24:20,820 | DEBUG    | httpcore.connection | connect_tcp.started host='127.0.0.1' port=11434 local_address=None timeout=None socket_options=None
2026-10-09 08:24:20,821 | DEBUG    | httpcore.connection | connect_tcp.complete return_value=<httpcore._backends.anyio.AnyIOStream object at 0x000001E6ED8501A0>
2026-10-09 08:24:20,821 | DEBUG    | httpcore.http11 | send_request_headers.started request=<Request [b'POST']>
2026-10-09 08:24:20,821 | DEBUG    | httpcore.http11 | send_request_headers.complete
2026-10-09 08:24:20,821 | DEBUG    | httpcore.http11 | send_request_body.started request=<Request [b'POST']>
2026-10-09 08:24:20,821 | DEBUG    | httpcore.http11 | send_request_body.complete
2026-10-09 08:24:20,821 | DEBUG    | httpcore.http11 | receive_response_headers.started request=<Request [b'POST']>
2026-10-09 08:24:20,996 | DEBUG    | httpcore.http11 | receive_response_headers.complete return_value=(b'HTTP/1.1', 200, b'OK', [(b'Content-Type', b'application/json; charset=utf-8'), (b'Date', b'Fri, 09 Oct 2026 02:54:20 GMT'), (b'Content-Length', b'372')])
2026-10-09 08:24:20,997 | INFO     | httpx | HTTP Request: POST http://127.0.0.1:11434/api/chat "HTTP/1.1 200 OK"
2026-10-09 08:24:20,997 | DEBUG    | httpcore.http11 | receive_response_body.started request=<Request [b'POST']>
2026-10-09 08:24:20,997 | DEBUG    | httpcore.http11 | receive_response_body.complete
2026-10-09 08:24:20,997 | DEBUG    | httpcore.http11 | response_closed.started
2026-10-09 08:24:20,997 | DEBUG    | httpcore.http11 | response_closed.complete
2026-10-09 08:25:01,991 | DEBUG    | asyncio | Using proactor: IocpProactor
2026-10-09 08:25:02,176 | DEBUG    | httpcore.connection | connect_tcp.started host='127.0.0.1' port=11434 local_address=None timeout=None socket_options=None
2026-10-09 08:25:02,177 | DEBUG    | httpcore.connection | connect_tcp.complete return_value=<httpcore._backends.anyio.AnyIOStream object at 0x000001966AB63CE0>
2026-10-09 08:25:02,177 | DEBUG    | httpcore.http11 | send_request_headers.started request=<Request [b'POST']>
2026-10-09 08:25:02,177 | DEBUG    | httpcore.http11 | send_request_headers.complete
2026-10-09 08:25:02,177 | DEBUG    | httpcore.http11 | send_request_body.started request=<Request [b'POST']>
2026-10-09 08:25:02,177 | DEBUG    | httpcore.http11 | send_request_body.complete
2026-10-09 08:25:02,177 | DEBUG    | httpcore.http11 | receive_response_headers.started request=<Request [b'POST']>
2026-10-09 08:25:02,466 | DEBUG    | httpcore.http11 | receive_response_headers.complete return_value=(b'HTTP/1.1', 200, b'OK', [(b'Content-Type', b'application/json; charset=utf-8'), (b'Date', b'Fri, 09 Oct 2026 02:55:02 GMT'), (b'Content-Length', b'373')])
2026-10-09 08:25:02,467 | INFO     | httpx | HTTP Request: POST http://127.0.0.1:11434/api/chat "HTTP/1.1 200 OK"
2026-10-09 08:25:02,467 | DEBUG    | httpcore.http11 | receive_response_body.started request=<Request [b'POST']>
2026-10-09 08:25:02,467 | DEBUG    | httpcore.http11 | receive_response_body.complete
2026-10-09 08:25:02,467 | DEBUG    | httpcore.http11 | response_closed.started
2026-10-09 08:25:02,467 | DEBUG    | httpcore.http11 | response_closed.complete
2026-10-09 08:25:45,488 | DEBUG    | asyncio | Using proactor: IocpProactor
2026-10-09 08:25:45,658 | DEBUG    | httpcore.connection | connect_tcp.started host='127.0.0.1' port=11434 local_address=None timeout=None socket_options=None
2026-10-09 08:25:45,660 | DEBUG    | httpcore.connection | connect_tcp.complete return_value=<httpcore._backends.anyio.AnyIOStream object at 0x000001E37FDD30E0>
2026-10-09 08:25:45,660 | DEBUG    | httpcore.http11 | send_request_headers.started request=<Request [b'POST']>
2026-10-09 08:25:45,660 | DEBUG    | httpcore.http11 | send_request_headers.complete
2026-10-09 08:25:45,660 | DEBUG    | httpcore.http11 | send_request_body.started request=<Request [b'POST']>
2026-10-09 08:25:45,660 | DEBUG    | httpcore.http11 | send_request_body.complete
2026-10-09 08:25:45,660 | DEBUG    | httpcore.http11 | receive_response_headers.started request=<Request [b'POST']>
2026-10-09 08:25:45,978 | DEBUG    | httpcore.http11 | receive_response_headers.complete return_value=(b'HTTP/1.1', 200, b'OK', [(b'Content-Type', b'application/json; charset=utf-8'), (b'Date', b'Fri, 09 Oct 2026 02:55:45 GMT'), (b'Content-Length', b'353')])
2026-10-09 08:25:45,979 | INFO     | httpx | HTTP Request: POST http://127.0.0.1:11434/api/chat "HTTP/1.1 200 OK"
2026-10-09 08:25:45,979 | DEBUG    | httpcore.http11 | receive_response_body.started request=<Request [b'POST']>
2026-10-09 08:25:45,979 | DEBUG    | httpcore.http11 | receive_response_body.complete
2026-10-09 08:25:45,979 | DEBUG    | httpcore.http11 | response_closed.started
2026-10-09 08:25:45,979 | DEBUG    | httpcore.http11 | response_closed.complete
2026-10-09 08:34:21,300 | INFO     | src.utils.logger | Initializing RAGAgent...
2026-10-09 08:34:21,301 | DEBUG    | asyncio | Using proactor: IocpProactor
2026-10-09 08:34:21,473 | DEBUG    | httpcore.connection | connect_tcp.started host='127.0.0.1' port=11434 local_address=None timeout=None socket_options=None
2026-10-09 08:34:21,475 | DEBUG    | httpcore.connection | connect_tcp.complete return_value=<httpcore._backends.anyio.AnyIOStream object at 0x000001897E4B9E80>
2026-10-09 08:34:21,475 | DEBUG    | httpcore.http11 | send_request_headers.started request=<Request [b'POST']>
2026-10-09 08:34:21,475 | DEBUG    | httpcore.http11 | send_request_headers.complete
2026-10-09 08:34:21,475 | DEBUG    | httpcore.http11 | send_request_body.started request=<Request [b'POST']>
2026-10-09 08:34:21,475 | DEBUG    | httpcore.http11 | send_request_body.complete
2026-10-09 08:34:21,475 | DEBUG    | httpcore.http11 | receive_response_headers.started request=<Request [b'POST']>
2026-10-09 08:34:25,767 | DEBUG    | httpcore.http11 | receive_response_headers.complete return_value=(b'HTTP/1.1', 200, b'OK', [(b'Content-Type', b'application/json; charset=utf-8'), (b'Date', b'Fri, 09 Oct 2026 03:04:25 GMT'), (b'Content-Length', b'414')])
2026-10-09 08:34:25,767 | INFO     | httpx | HTTP Request: POST http://127.0.0.1:11434/api/chat "HTTP/1.1 200 OK"
2026-10-09 08:34:25,767 | DEBUG    | httpcore.http11 | receive_response_body.started request=<Request [b'POST']>
2026-10-09 08:34:25,767 | DEBUG    | httpcore.http11 | receive_response_body.complete
2026-10-09 08:34:25,767 | DEBUG    | httpcore.http11 | response_closed.started
2026-10-09 08:34:25,767 | DEBUG    | httpcore.http11 | response_closed.complete
2026-10-09 08:48:10,251 | INFO     | src.utils.logger | Initializing RAGAgent class...
2026-10-09 08:48:10,252 | DEBUG    | asyncio | Using proactor: IocpProactor
2026-10-09 08:48:10,398 | INFO     | src.utils.logger | OllamaChatClient initialized with model_id: qwen2.5:3b
2026-10-09 08:48:10,407 | INFO     | src.utils.logger | RAGAgent Created successfully.
2026-10-09 08:48:10,411 | DEBUG    | agent_framework | Ollama chat request failed : 2 validation errors for ChatRequest
format.literal['','json']
  Input should be '' or 'json' [type=literal_error, input_value=<class 'src.model.rag_response_model.RAGResponse'>, input_type=ModelMetaclass]
    For further information visit https://errors.pydantic.dev/2.13/v/literal_error
format.dict[str,any]
  Input should be a valid dictionary [type=dict_type, input_value=<class 'src.model.rag_response_model.RAGResponse'>, input_type=ModelMetaclass]
    For further information visit https://errors.pydantic.dev/2.13/v/dict_type
Traceback (most recent call last):
  File "D:\RAG\.venv\Lib\site-packages\agent_framework_ollama\_chat_client.py", line 378, in _get_response
    response: OllamaChatResponse = await self.client.chat(  # type: ignore[misc]
                                   ^^^^^^^^^^^^^^^^^^^^^^^^^^^^^^^^^^^^^^^^^^^^^
  File "D:\RAG\.venv\Lib\site-packages\ollama\_client.py", line 1051, in chat
    json=ChatRequest(
         ^^^^^^^^^^^^
  File "D:\RAG\.venv\Lib\site-packages\pydantic\main.py", line 263, in __init__
    validated_self = self.__pydantic_validator__.validate_python(data, self_instance=self)
                     ^^^^^^^^^^^^^^^^^^^^^^^^^^^^^^^^^^^^^^^^^^^^^^^^^^^^^^^^^^^^^^^^^^^^^
pydantic_core._pydantic_core.ValidationError: 2 validation errors for ChatRequest
format.literal['','json']
  Input should be '' or 'json' [type=literal_error, input_value=<class 'src.model.rag_response_model.RAGResponse'>, input_type=ModelMetaclass]
    For further information visit https://errors.pydantic.dev/2.13/v/literal_error
format.dict[str,any]
  Input should be a valid dictionary [type=dict_type, input_value=<class 'src.model.rag_response_model.RAGResponse'>, input_type=ModelMetaclass]
    For further information visit https://errors.pydantic.dev/2.13/v/dict_type
2026-10-09 08:49:14,884 | INFO     | src.utils.logger | Initializing RAGAgent class...
2026-10-09 08:49:14,885 | DEBUG    | asyncio | Using proactor: IocpProactor
2026-10-09 08:49:15,028 | INFO     | src.utils.logger | OllamaChatClient initialized with model_id: qwen2.5:3b
2026-10-09 08:49:15,040 | INFO     | src.utils.logger | RAGAgent Created successfully.
2026-10-09 08:49:15,070 | DEBUG    | httpcore.connection | connect_tcp.started host='127.0.0.1' port=11434 local_address=None timeout=None socket_options=None
2026-10-09 08:49:15,072 | DEBUG    | httpcore.connection | connect_tcp.complete return_value=<httpcore._backends.anyio.AnyIOStream object at 0x0000025EAF2D19D0>
2026-10-09 08:49:15,072 | DEBUG    | httpcore.http11 | send_request_headers.started request=<Request [b'POST']>
2026-10-09 08:49:15,072 | DEBUG    | httpcore.http11 | send_request_headers.complete
2026-10-09 08:49:15,073 | DEBUG    | httpcore.http11 | send_request_body.started request=<Request [b'POST']>
2026-10-09 08:49:15,073 | DEBUG    | httpcore.http11 | send_request_body.complete
2026-10-09 08:49:15,073 | DEBUG    | httpcore.http11 | receive_response_headers.started request=<Request [b'POST']>
2026-10-09 08:49:20,834 | DEBUG    | httpcore.http11 | receive_response_headers.complete return_value=(b'HTTP/1.1', 200, b'OK', [(b'Content-Type', b'application/json; charset=utf-8'), (b'Date', b'Fri, 09 Oct 2026 03:19:20 GMT'), (b'Content-Length', b'704')])
2026-10-09 08:49:20,834 | INFO     | httpx | HTTP Request: POST http://127.0.0.1:11434/api/chat "HTTP/1.1 200 OK"
2026-10-09 08:49:20,834 | DEBUG    | httpcore.http11 | receive_response_body.started request=<Request [b'POST']>
2026-10-09 08:49:20,835 | DEBUG    | httpcore.http11 | receive_response_body.complete
2026-10-09 08:49:20,835 | DEBUG    | httpcore.http11 | response_closed.started
2026-10-09 08:49:20,835 | DEBUG    | httpcore.http11 | response_closed.complete
2026-10-09 08:51:31,411 | INFO     | src.utils.logger | Initializing RAGAgent class...
2026-10-09 08:51:31,412 | DEBUG    | asyncio | Using proactor: IocpProactor
2026-10-09 08:51:31,550 | INFO     | src.utils.logger | OllamaChatClient initialized with model_id: qwen2.5:3b
2026-10-09 08:51:31,558 | INFO     | src.utils.logger | RAGAgent Created successfully.
2026-10-09 08:51:31,580 | DEBUG    | httpcore.connection | connect_tcp.started host='127.0.0.1' port=11434 local_address=None timeout=None socket_options=None
2026-10-09 08:51:31,581 | DEBUG    | httpcore.connection | connect_tcp.complete return_value=<httpcore._backends.anyio.AnyIOStream object at 0x0000023CF8CD1A30>
2026-10-09 08:51:31,581 | DEBUG    | httpcore.http11 | send_request_headers.started request=<Request [b'POST']>
2026-10-09 08:51:31,581 | DEBUG    | httpcore.http11 | send_request_headers.complete
2026-10-09 08:51:31,581 | DEBUG    | httpcore.http11 | send_request_body.started request=<Request [b'POST']>
2026-10-09 08:51:31,581 | DEBUG    | httpcore.http11 | send_request_body.complete
2026-10-09 08:51:31,581 | DEBUG    | httpcore.http11 | receive_response_headers.started request=<Request [b'POST']>
2026-10-09 08:51:32,624 | DEBUG    | httpcore.http11 | receive_response_headers.complete return_value=(b'HTTP/1.1', 200, b'OK', [(b'Content-Type', b'application/json; charset=utf-8'), (b'Date', b'Fri, 09 Oct 2026 03:21:32 GMT'), (b'Content-Length', b'561')])
2026-10-09 08:51:32,625 | INFO     | httpx | HTTP Request: POST http://127.0.0.1:11434/api/chat "HTTP/1.1 200 OK"
2026-10-09 08:51:32,625 | DEBUG    | httpcore.http11 | receive_response_body.started request=<Request [b'POST']>
2026-10-09 08:51:32,625 | DEBUG    | httpcore.http11 | receive_response_body.complete
2026-10-09 08:51:32,626 | DEBUG    | httpcore.http11 | response_closed.started
2026-10-09 08:51:32,626 | DEBUG    | httpcore.http11 | response_closed.complete
2026-10-09 08:55:23,940 | INFO     | src.utils.logger | Initializing RAGAgent class...
2026-10-09 08:55:23,941 | DEBUG    | asyncio | Using proactor: IocpProactor
2026-10-09 08:55:24,088 | INFO     | src.utils.logger | OllamaChatClient initialized with model_id: qwen2.5:3b
2026-10-09 08:55:24,099 | INFO     | src.utils.logger | RAGAgent Created successfully.
2026-10-09 08:55:24,125 | DEBUG    | httpcore.connection | connect_tcp.started host='127.0.0.1' port=11434 local_address=None timeout=None socket_options=None
2026-10-09 08:55:24,126 | DEBUG    | httpcore.connection | connect_tcp.complete return_value=<httpcore._backends.anyio.AnyIOStream object at 0x000001B25C7E1B80>
2026-10-09 08:55:24,126 | DEBUG    | httpcore.http11 | send_request_headers.started request=<Request [b'POST']>
2026-10-09 08:55:24,127 | DEBUG    | httpcore.http11 | send_request_headers.complete
2026-10-09 08:55:24,127 | DEBUG    | httpcore.http11 | send_request_body.started request=<Request [b'POST']>
2026-10-09 08:55:24,127 | DEBUG    | httpcore.http11 | send_request_body.complete
2026-10-09 08:55:24,127 | DEBUG    | httpcore.http11 | receive_response_headers.started request=<Request [b'POST']>
2026-10-09 08:55:25,143 | DEBUG    | httpcore.http11 | receive_response_headers.complete return_value=(b'HTTP/1.1', 200, b'OK', [(b'Content-Type', b'application/json; charset=utf-8'), (b'Date', b'Fri, 09 Oct 2026 03:25:25 GMT'), (b'Content-Length', b'548')])
2026-10-09 08:55:25,144 | INFO     | httpx | HTTP Request: POST http://127.0.0.1:11434/api/chat "HTTP/1.1 200 OK"
2026-10-09 08:55:25,144 | DEBUG    | httpcore.http11 | receive_response_body.started request=<Request [b'POST']>
2026-10-09 08:55:25,144 | DEBUG    | httpcore.http11 | receive_response_body.complete
2026-10-09 08:55:25,144 | DEBUG    | httpcore.http11 | response_closed.started
2026-10-09 08:55:25,144 | DEBUG    | httpcore.http11 | response_closed.complete
2026-10-09 08:56:46,604 | INFO     | src.utils.logger | Initializing RAGAgent class...
2026-10-09 08:56:46,605 | DEBUG    | asyncio | Using proactor: IocpProactor
2026-10-09 08:56:46,750 | INFO     | src.utils.logger | OllamaChatClient initialized with model_id: qwen2.5:3b
2026-10-09 08:56:46,763 | INFO     | src.utils.logger | RAGAgent Created successfully.
2026-10-09 08:56:46,795 | DEBUG    | httpcore.connection | connect_tcp.started host='127.0.0.1' port=11434 local_address=None timeout=None socket_options=None
2026-10-09 08:56:46,797 | DEBUG    | httpcore.connection | connect_tcp.complete return_value=<httpcore._backends.anyio.AnyIOStream object at 0x0000013BFF2396D0>
2026-10-09 08:56:46,797 | DEBUG    | httpcore.http11 | send_request_headers.started request=<Request [b'POST']>
2026-10-09 08:56:46,797 | DEBUG    | httpcore.http11 | send_request_headers.complete
2026-10-09 08:56:46,797 | DEBUG    | httpcore.http11 | send_request_body.started request=<Request [b'POST']>
2026-10-09 08:56:46,797 | DEBUG    | httpcore.http11 | send_request_body.complete
2026-10-09 08:56:46,797 | DEBUG    | httpcore.http11 | receive_response_headers.started request=<Request [b'POST']>
2026-10-09 08:56:47,348 | DEBUG    | httpcore.http11 | receive_response_headers.complete return_value=(b'HTTP/1.1', 200, b'OK', [(b'Content-Type', b'application/json; charset=utf-8'), (b'Date', b'Fri, 09 Oct 2026 03:26:47 GMT'), (b'Content-Length', b'416')])
2026-10-09 08:56:47,349 | INFO     | httpx | HTTP Request: POST http://127.0.0.1:11434/api/chat "HTTP/1.1 200 OK"
2026-10-09 08:56:47,349 | DEBUG    | httpcore.http11 | receive_response_body.started request=<Request [b'POST']>
2026-10-09 08:56:47,349 | DEBUG    | httpcore.http11 | receive_response_body.complete
2026-10-09 08:56:47,349 | DEBUG    | httpcore.http11 | response_closed.started
2026-10-09 08:56:47,349 | DEBUG    | httpcore.http11 | response_closed.complete
2026-10-09 08:59:01,121 | DEBUG    | httpcore.connection | connect_tcp.started host='127.0.0.1' port=11434 local_address=None timeout=None socket_options=None
2026-10-09 08:59:01,122 | DEBUG    | httpcore.connection | connect_tcp.complete return_value=<httpcore._backends.sync.SyncStream object at 0x000001C67FA01C40>
2026-10-09 08:59:01,122 | DEBUG    | httpcore.http11 | send_request_headers.started request=<Request [b'POST']>
2026-10-09 08:59:01,122 | DEBUG    | httpcore.http11 | send_request_headers.complete
2026-10-09 08:59:01,122 | DEBUG    | httpcore.http11 | send_request_body.started request=<Request [b'POST']>
2026-10-09 08:59:01,123 | DEBUG    | httpcore.http11 | send_request_body.complete
2026-10-09 08:59:01,123 | DEBUG    | httpcore.http11 | receive_response_headers.started request=<Request [b'POST']>
2026-10-09 08:59:01,713 | DEBUG    | httpcore.http11 | receive_response_headers.complete return_value=(b'HTTP/1.1', 200, b'OK', [(b'Content-Type', b'application/json; charset=utf-8'), (b'Date', b'Fri, 09 Oct 2026 03:29:01 GMT'), (b'Content-Length', b'475')])
2026-10-09 08:59:01,714 | INFO     | httpx | HTTP Request: POST http://127.0.0.1:11434/api/chat "HTTP/1.1 200 OK"
2026-10-09 08:59:01,714 | DEBUG    | httpcore.http11 | receive_response_body.started request=<Request [b'POST']>
2026-10-09 08:59:01,714 | DEBUG    | httpcore.http11 | receive_response_body.complete
2026-10-09 08:59:01,714 | DEBUG    | httpcore.http11 | response_closed.started
2026-10-09 08:59:01,714 | DEBUG    | httpcore.http11 | response_closed.complete
2026-10-09 09:01:19,971 | DEBUG    | asyncio | Using proactor: IocpProactor
2026-10-09 09:01:19,972 | INFO     | src.utils.logger | Initializing RAGAgent...
2026-10-09 09:01:20,119 | INFO     | src.utils.logger | Initializing Ollama embedding model: qwen3-embedding:0.6b
2026-10-09 09:01:45,011 | DEBUG    | asyncio | Using proactor: IocpProactor
2026-10-09 09:01:45,012 | INFO     | src.utils.logger | Initializing RAGAgent...
2026-10-09 09:01:45,145 | INFO     | src.utils.logger | Initializing Ollama embedding model: qwen3-embedding:0.6b
2026-10-09 09:04:53,880 | DEBUG    | asyncio | Using proactor: IocpProactor
2026-10-09 09:04:53,882 | INFO     | src.utils.logger | Initializing RAGAgent...
2026-10-09 09:04:54,029 | INFO     | src.utils.logger | Initializing Ollama embedding model: qwen3-embedding:0.6b
2026-10-09 09:19:45,906 | DEBUG    | asyncio | Using proactor: IocpProactor
2026-10-09 09:19:45,907 | INFO     | src.utils.logger | Initializing RAGAgent...
2026-10-09 09:19:46,091 | INFO     | src.utils.logger | Initializing Ollama embedding model: qwen3-embedding:0.6b
2026-10-09 09:19:46,517 | INFO     | src.utils.logger | Loading FAISS vector store from: D:\RAG\data\vector_store
2026-10-09 09:19:46,531 | DEBUG    | faiss.loader | Environment variable FAISS_OPT_LEVEL is not set, so let's pick the instruction set according to the current CPU
2026-10-09 09:19:46,531 | INFO     | faiss.loader | Loading faiss with AVX512 support.
2026-10-09 09:19:46,532 | INFO     | faiss.loader | Could not load library with AVX512 support due to:
ModuleNotFoundError("No module named 'faiss.swigfaiss_avx512'")
2026-10-09 09:19:46,532 | INFO     | faiss.loader | Loading faiss with AVX2 support.
2026-10-09 09:19:46,532 | INFO     | faiss.loader | Could not load library with AVX2 support due to:
ModuleNotFoundError("No module named 'faiss.swigfaiss_avx2'")
2026-10-09 09:19:46,532 | INFO     | faiss.loader | Loading faiss.
2026-10-09 09:19:47,002 | INFO     | faiss.loader | Successfully loaded faiss.
2026-10-09 09:19:47,044 | INFO     | src.utils.logger | FAISS vector store loaded successfully.
2026-10-09 09:19:47,055 | INFO     | src.utils.logger | RAGAgent initialized successfully.
2026-10-09 09:19:47,056 | INFO     | src.utils.logger | Processing query: Students use which forms or services to request involving enrollment?
2026-10-09 09:19:47,056 | INFO     | src.utils.logger | Running retrieval query: Students use which forms or services to request involving enrollment?
2026-10-09 09:19:47,069 | DEBUG    | httpcore.connection | connect_tcp.started host='127.0.0.1' port=11434 local_address=None timeout=None socket_options=None
2026-10-09 09:19:47,069 | DEBUG    | httpcore.connection | connect_tcp.complete return_value=<httpcore._backends.sync.SyncStream object at 0x000001D2A0055250>
2026-10-09 09:19:47,070 | DEBUG    | httpcore.http11 | send_request_headers.started request=<Request [b'POST']>
2026-10-09 09:19:47,070 | DEBUG    | httpcore.http11 | send_request_headers.complete
2026-10-09 09:19:47,070 | DEBUG    | httpcore.http11 | send_request_body.started request=<Request [b'POST']>
2026-10-09 09:19:47,070 | DEBUG    | httpcore.http11 | send_request_body.complete
2026-10-09 09:19:47,070 | DEBUG    | httpcore.http11 | receive_response_headers.started request=<Request [b'POST']>
2026-10-09 09:20:03,625 | DEBUG    | httpcore.http11 | receive_response_headers.complete return_value=(b'HTTP/1.1', 200, b'OK', [(b'Content-Type', b'application/json; charset=utf-8'), (b'Date', b'Fri, 09 Oct 2026 03:50:03 GMT'), (b'Transfer-Encoding', b'chunked')])
2026-10-09 09:20:03,626 | INFO     | httpx | HTTP Request: POST http://127.0.0.1:11434/api/embed "HTTP/1.1 200 OK"
2026-10-09 09:20:03,626 | DEBUG    | httpcore.http11 | receive_response_body.started request=<Request [b'POST']>
2026-10-09 09:20:03,626 | DEBUG    | httpcore.http11 | receive_response_body.complete
2026-10-09 09:20:03,626 | DEBUG    | httpcore.http11 | response_closed.started
2026-10-09 09:20:03,626 | DEBUG    | httpcore.http11 | response_closed.complete
2026-10-09 09:20:03,642 | INFO     | src.utils.logger | Retrieved 3 documents.
2026-10-09 09:20:03,685 | DEBUG    | httpcore.connection | connect_tcp.started host='127.0.0.1' port=11434 local_address=None timeout=None socket_options=None
2026-10-09 09:20:03,686 | DEBUG    | httpcore.connection | connect_tcp.complete return_value=<httpcore._backends.anyio.AnyIOStream object at 0x000001D2A00B6F30>
2026-10-09 09:20:03,687 | DEBUG    | httpcore.http11 | send_request_headers.started request=<Request [b'POST']>
2026-10-09 09:20:03,687 | DEBUG    | httpcore.http11 | send_request_headers.complete
2026-10-09 09:20:03,688 | DEBUG    | httpcore.http11 | send_request_body.started request=<Request [b'POST']>
2026-10-09 09:20:03,688 | DEBUG    | httpcore.http11 | send_request_body.complete
2026-10-09 09:20:03,688 | DEBUG    | httpcore.http11 | receive_response_headers.started request=<Request [b'POST']>
2026-10-09 09:20:07,155 | DEBUG    | httpcore.http11 | receive_response_headers.complete return_value=(b'HTTP/1.1', 200, b'OK', [(b'Content-Type', b'application/json; charset=utf-8'), (b'Date', b'Fri, 09 Oct 2026 03:50:07 GMT'), (b'Content-Length', b'681')])
2026-10-09 09:20:07,156 | INFO     | httpx | HTTP Request: POST http://127.0.0.1:11434/api/chat "HTTP/1.1 200 OK"
2026-10-09 09:20:07,156 | DEBUG    | httpcore.http11 | receive_response_body.started request=<Request [b'POST']>
2026-10-09 09:20:07,156 | DEBUG    | httpcore.http11 | receive_response_body.complete
2026-10-09 09:20:07,156 | DEBUG    | httpcore.http11 | response_closed.started
2026-10-09 09:20:07,156 | DEBUG    | httpcore.http11 | response_closed.complete
2026-10-09 09:20:07,157 | INFO     | src.utils.logger | RAG response generated successfully.
2026-10-09 10:11:17,906 | DEBUG    | asyncio | Using proactor: IocpProactor
2026-10-09 10:11:17,907 | INFO     | src.utils.logger | Initializing RAGAgent.
2026-10-09 10:11:18,106 | INFO     | src.utils.logger | OllamaChatClient initialized with model_id: qwen2.5:3b
2026-10-09 10:11:18,106 | INFO     | src.utils.logger | Initializing Ollama embedding model: qwen3-embedding:0.6b
2026-10-09 10:11:18,507 | INFO     | src.utils.logger | Embedding model initialized successfully.
2026-10-09 10:11:18,508 | INFO     | src.utils.logger | Loading FAISS vector store from: D:\RAG\data\vector_store
2026-10-09 10:11:18,511 | DEBUG    | faiss.loader | Environment variable FAISS_OPT_LEVEL is not set, so let's pick the instruction set according to the current CPU
2026-10-09 10:11:18,511 | INFO     | faiss.loader | Loading faiss with AVX512 support.
2026-10-09 10:11:18,511 | INFO     | faiss.loader | Could not load library with AVX512 support due to:
ModuleNotFoundError("No module named 'faiss.swigfaiss_avx512'")
2026-10-09 10:11:18,511 | INFO     | faiss.loader | Loading faiss with AVX2 support.
2026-10-09 10:11:18,511 | INFO     | faiss.loader | Could not load library with AVX2 support due to:
ModuleNotFoundError("No module named 'faiss.swigfaiss_avx2'")
2026-10-09 10:11:18,511 | INFO     | faiss.loader | Loading faiss.
2026-10-09 10:11:18,575 | INFO     | faiss.loader | Successfully loaded faiss.
2026-10-09 10:11:18,583 | INFO     | src.utils.logger | FAISS vector store loaded successfully.
2026-10-09 10:11:18,584 | INFO     | src.utils.logger | FAISS vector store loaded from: D:\RAG\data\vector_store
2026-10-09 10:11:18,611 | INFO     | src.utils.logger | RAGAgent initialized successfully.
2026-10-09 10:11:18,611 | INFO     | src.utils.logger | Processing RAG query: Students use which forms or services to request involving enrollment?
2026-10-09 10:11:18,611 | INFO     | src.utils.logger | Running retrieval query: Students use which forms or services to request involving enrollment?
2026-10-09 10:11:18,620 | DEBUG    | httpcore.connection | connect_tcp.started host='127.0.0.1' port=11434 local_address=None timeout=None socket_options=None
2026-10-09 10:11:18,621 | DEBUG    | httpcore.connection | connect_tcp.complete return_value=<httpcore._backends.sync.SyncStream object at 0x000001BCA363F1D0>
2026-10-09 10:11:18,621 | DEBUG    | httpcore.http11 | send_request_headers.started request=<Request [b'POST']>
2026-10-09 10:11:18,621 | DEBUG    | httpcore.http11 | send_request_headers.complete
2026-10-09 10:11:18,621 | DEBUG    | httpcore.http11 | send_request_body.started request=<Request [b'POST']>
2026-10-09 10:11:18,621 | DEBUG    | httpcore.http11 | send_request_body.complete
2026-10-09 10:11:18,621 | DEBUG    | httpcore.http11 | receive_response_headers.started request=<Request [b'POST']>
2026-10-09 10:11:22,773 | DEBUG    | httpcore.http11 | receive_response_headers.complete return_value=(b'HTTP/1.1', 200, b'OK', [(b'Content-Type', b'application/json; charset=utf-8'), (b'Date', b'Fri, 09 Oct 2026 04:41:22 GMT'), (b'Transfer-Encoding', b'chunked')])
2026-10-09 10:11:22,774 | INFO     | httpx | HTTP Request: POST http://127.0.0.1:11434/api/embed "HTTP/1.1 200 OK"
2026-10-09 10:11:22,774 | DEBUG    | httpcore.http11 | receive_response_body.started request=<Request [b'POST']>
2026-10-09 10:11:22,775 | DEBUG    | httpcore.http11 | receive_response_body.complete
2026-10-09 10:11:22,775 | DEBUG    | httpcore.http11 | response_closed.started
2026-10-09 10:11:22,775 | DEBUG    | httpcore.http11 | response_closed.complete
2026-10-09 10:11:22,776 | INFO     | src.utils.logger | Retrieved 3 documents.
2026-10-09 10:11:22,776 | INFO     | src.utils.logger | Retrieved 3 documents for the query.
2026-10-09 10:11:22,828 | DEBUG    | httpcore.connection | connect_tcp.started host='127.0.0.1' port=11434 local_address=None timeout=None socket_options=None
2026-10-09 10:11:22,829 | DEBUG    | httpcore.connection | connect_tcp.complete return_value=<httpcore._backends.anyio.AnyIOStream object at 0x000001BCA35A6C90>
2026-10-09 10:11:22,830 | DEBUG    | httpcore.http11 | send_request_headers.started request=<Request [b'POST']>
2026-10-09 10:11:22,830 | DEBUG    | httpcore.http11 | send_request_headers.complete
2026-10-09 10:11:22,830 | DEBUG    | httpcore.http11 | send_request_body.started request=<Request [b'POST']>
2026-10-09 10:11:22,831 | DEBUG    | httpcore.http11 | send_request_body.complete
2026-10-09 10:11:22,831 | DEBUG    | httpcore.http11 | receive_response_headers.started request=<Request [b'POST']>
2026-10-09 10:11:26,357 | DEBUG    | httpcore.http11 | receive_response_headers.complete return_value=(b'HTTP/1.1', 200, b'OK', [(b'Content-Type', b'application/json; charset=utf-8'), (b'Date', b'Fri, 09 Oct 2026 04:41:26 GMT'), (b'Content-Length', b'536')])
2026-10-09 10:11:26,358 | INFO     | httpx | HTTP Request: POST http://127.0.0.1:11434/api/chat "HTTP/1.1 200 OK"
2026-10-09 10:11:26,358 | DEBUG    | httpcore.http11 | receive_response_body.started request=<Request [b'POST']>
2026-10-09 10:11:26,358 | DEBUG    | httpcore.http11 | receive_response_body.complete
2026-10-09 10:11:26,358 | DEBUG    | httpcore.http11 | response_closed.started
2026-10-09 10:11:26,358 | DEBUG    | httpcore.http11 | response_closed.complete
2026-10-09 10:11:26,359 | DEBUG    | src.utils.logger | Raw model response: {
    "answer": "Students should use official forms or service channels for requests involving enrollment, records, fees, examinations, or scholarships.",
    "sources": ["01_student_handbook.pdf"]
}
2026-10-09 10:11:26,359 | INFO     | src.utils.logger | RAG response generated successfully.
2026-10-09 10:23:10,103 | DEBUG    | asyncio | Using proactor: IocpProactor
2026-10-09 10:23:10,104 | INFO     | src.utils.logger | Initializing RAGAgent.
2026-10-09 10:23:10,301 | INFO     | src.utils.logger | OllamaChatClient initialized with model_id: qwen2.5:3b
2026-10-09 10:23:10,302 | INFO     | src.utils.logger | Initializing Ollama embedding model: qwen3-embedding:0.6b
2026-10-09 10:23:10,676 | INFO     | src.utils.logger | Embedding model initialized successfully.
2026-10-09 10:23:10,676 | INFO     | src.utils.logger | Loading FAISS vector store from: D:\RAG\data\vector_store
2026-10-09 10:23:10,680 | DEBUG    | faiss.loader | Environment variable FAISS_OPT_LEVEL is not set, so let's pick the instruction set according to the current CPU
2026-10-09 10:23:10,680 | INFO     | faiss.loader | Loading faiss with AVX512 support.
2026-10-09 10:23:10,680 | INFO     | faiss.loader | Could not load library with AVX512 support due to:
ModuleNotFoundError("No module named 'faiss.swigfaiss_avx512'")
2026-10-09 10:23:10,680 | INFO     | faiss.loader | Loading faiss with AVX2 support.
2026-10-09 10:23:10,680 | INFO     | faiss.loader | Could not load library with AVX2 support due to:
ModuleNotFoundError("No module named 'faiss.swigfaiss_avx2'")
2026-10-09 10:23:10,680 | INFO     | faiss.loader | Loading faiss.
2026-10-09 10:23:10,781 | INFO     | faiss.loader | Successfully loaded faiss.
2026-10-09 10:23:10,790 | INFO     | src.utils.logger | FAISS vector store loaded successfully.
2026-10-09 10:23:10,791 | INFO     | src.utils.logger | FAISS vector store loaded from: D:\RAG\data\vector_store
2026-10-09 10:23:10,821 | INFO     | src.utils.logger | RAGAgent initialized successfully.
2026-10-09 10:23:10,821 | INFO     | src.utils.logger | Processing RAG query: Students use which forms or services to request involving enrollment?
2026-10-09 10:23:10,821 | INFO     | src.utils.logger | Running retrieval query: Students use which forms or services to request involving enrollment?
2026-10-09 10:23:10,831 | DEBUG    | httpcore.connection | connect_tcp.started host='127.0.0.1' port=11434 local_address=None timeout=None socket_options=None
2026-10-09 10:23:10,831 | DEBUG    | httpcore.connection | connect_tcp.complete return_value=<httpcore._backends.sync.SyncStream object at 0x0000028720BBB350>
2026-10-09 10:23:10,832 | DEBUG    | httpcore.http11 | send_request_headers.started request=<Request [b'POST']>
2026-10-09 10:23:10,832 | DEBUG    | httpcore.http11 | send_request_headers.complete
2026-10-09 10:23:10,833 | DEBUG    | httpcore.http11 | send_request_body.started request=<Request [b'POST']>
2026-10-09 10:23:10,833 | DEBUG    | httpcore.http11 | send_request_body.complete
2026-10-09 10:23:10,833 | DEBUG    | httpcore.http11 | receive_response_headers.started request=<Request [b'POST']>
2026-10-09 10:23:14,976 | DEBUG    | httpcore.http11 | receive_response_headers.complete return_value=(b'HTTP/1.1', 200, b'OK', [(b'Content-Type', b'application/json; charset=utf-8'), (b'Date', b'Fri, 09 Oct 2026 04:53:14 GMT'), (b'Transfer-Encoding', b'chunked')])
2026-10-09 10:23:14,977 | INFO     | httpx | HTTP Request: POST http://127.0.0.1:11434/api/embed "HTTP/1.1 200 OK"
2026-10-09 10:23:14,977 | DEBUG    | httpcore.http11 | receive_response_body.started request=<Request [b'POST']>
2026-10-09 10:23:14,977 | DEBUG    | httpcore.http11 | receive_response_body.complete
2026-10-09 10:23:14,977 | DEBUG    | httpcore.http11 | response_closed.started
2026-10-09 10:23:14,977 | DEBUG    | httpcore.http11 | response_closed.complete
2026-10-09 10:23:14,978 | INFO     | src.utils.logger | Retrieved 3 documents.
2026-10-09 10:23:14,978 | INFO     | src.utils.logger | Retrieved 3 documents for the query.
2026-10-09 10:23:15,010 | DEBUG    | httpcore.connection | connect_tcp.started host='127.0.0.1' port=11434 local_address=None timeout=None socket_options=None
2026-10-09 10:23:15,012 | DEBUG    | httpcore.connection | connect_tcp.complete return_value=<httpcore._backends.anyio.AnyIOStream object at 0x0000028720C445C0>
2026-10-09 10:23:15,012 | DEBUG    | httpcore.http11 | send_request_headers.started request=<Request [b'POST']>
2026-10-09 10:23:15,012 | DEBUG    | httpcore.http11 | send_request_headers.complete
2026-10-09 10:23:15,012 | DEBUG    | httpcore.http11 | send_request_body.started request=<Request [b'POST']>
2026-10-09 10:23:15,012 | DEBUG    | httpcore.http11 | send_request_body.complete
2026-10-09 10:23:15,012 | DEBUG    | httpcore.http11 | receive_response_headers.started request=<Request [b'POST']>
2026-10-09 10:23:18,301 | DEBUG    | httpcore.http11 | receive_response_headers.complete return_value=(b'HTTP/1.1', 200, b'OK', [(b'Content-Type', b'application/json; charset=utf-8'), (b'Date', b'Fri, 09 Oct 2026 04:53:18 GMT'), (b'Content-Length', b'645')])
2026-10-09 10:23:18,301 | INFO     | httpx | HTTP Request: POST http://127.0.0.1:11434/api/chat "HTTP/1.1 200 OK"
2026-10-09 10:23:18,301 | DEBUG    | httpcore.http11 | receive_response_body.started request=<Request [b'POST']>
2026-10-09 10:23:18,301 | DEBUG    | httpcore.http11 | receive_response_body.complete
2026-10-09 10:23:18,301 | DEBUG    | httpcore.http11 | response_closed.started
2026-10-09 10:23:18,301 | DEBUG    | httpcore.http11 | response_closed.complete
2026-10-09 10:23:18,304 | DEBUG    | src.utils.logger | Raw model response: {
    "answer": "Students should use official forms or service channels for requests involving enrollment, records, fees, examinations, or scholarships. Each request should contain enough information for staff to identify the student and the requested service.",
    "sources": ["01_student_handbook.pdf"]
}
2026-10-09 10:23:18,304 | INFO     | src.utils.logger | RAG response generated successfully.
2026-10-09 10:23:38,281 | INFO     | src.utils.logger | Initializing RAGAgent.
2026-10-09 10:23:38,462 | INFO     | src.utils.logger | OllamaChatClient initialized with model_id: qwen2.5:3b
2026-10-09 10:23:38,462 | INFO     | src.utils.logger | Initializing Ollama embedding model: qwen3-embedding:0.6b
2026-10-09 10:23:38,837 | INFO     | src.utils.logger | Embedding model initialized successfully.
2026-10-09 10:23:38,838 | INFO     | src.utils.logger | Loading FAISS vector store from: D:\RAG\data\vector_store
2026-10-09 10:23:38,840 | DEBUG    | faiss.loader | Environment variable FAISS_OPT_LEVEL is not set, so let's pick the instruction set according to the current CPU
2026-10-09 10:23:38,840 | INFO     | faiss.loader | Loading faiss with AVX512 support.
2026-10-09 10:23:38,841 | INFO     | faiss.loader | Could not load library with AVX512 support due to:
ModuleNotFoundError("No module named 'faiss.swigfaiss_avx512'")
2026-10-09 10:23:38,841 | INFO     | faiss.loader | Loading faiss with AVX2 support.
2026-10-09 10:23:38,841 | INFO     | faiss.loader | Could not load library with AVX2 support due to:
ModuleNotFoundError("No module named 'faiss.swigfaiss_avx2'")
2026-10-09 10:23:38,841 | INFO     | faiss.loader | Loading faiss.
2026-10-09 10:23:38,864 | INFO     | faiss.loader | Successfully loaded faiss.
2026-10-09 10:23:38,873 | INFO     | src.utils.logger | FAISS vector store loaded successfully.
2026-10-09 10:23:38,873 | INFO     | src.utils.logger | FAISS vector store loaded from: D:\RAG\data\vector_store
2026-10-09 10:23:38,899 | INFO     | src.utils.logger | RAGAgent initialized successfully.
2026-10-09 10:24:30,346 | INFO     | src.utils.logger | Initializing RAGAgent.
2026-10-09 10:24:30,750 | INFO     | src.utils.logger | OllamaChatClient initialized with model_id: qwen2.5:3b
2026-10-09 10:24:30,750 | INFO     | src.utils.logger | Initializing Ollama embedding model: qwen3-embedding:0.6b
2026-10-09 10:24:31,521 | INFO     | src.utils.logger | Embedding model initialized successfully.
2026-10-09 10:24:31,522 | INFO     | src.utils.logger | Loading FAISS vector store from: D:\RAG\data\vector_store
2026-10-09 10:24:31,526 | DEBUG    | faiss.loader | Environment variable FAISS_OPT_LEVEL is not set, so let's pick the instruction set according to the current CPU
2026-10-09 10:24:31,526 | INFO     | faiss.loader | Loading faiss with AVX512 support.
2026-10-09 10:24:31,526 | INFO     | faiss.loader | Could not load library with AVX512 support due to:
ModuleNotFoundError("No module named 'faiss.swigfaiss_avx512'")
2026-10-09 10:24:31,527 | INFO     | faiss.loader | Loading faiss with AVX2 support.
2026-10-09 10:24:31,527 | INFO     | faiss.loader | Could not load library with AVX2 support due to:
ModuleNotFoundError("No module named 'faiss.swigfaiss_avx2'")
2026-10-09 10:24:31,527 | INFO     | faiss.loader | Loading faiss.
2026-10-09 10:24:31,631 | INFO     | faiss.loader | Successfully loaded faiss.
2026-10-09 10:24:31,643 | INFO     | src.utils.logger | FAISS vector store loaded successfully.
2026-10-09 10:24:31,644 | INFO     | src.utils.logger | FAISS vector store loaded from: D:\RAG\data\vector_store
2026-10-09 10:24:31,687 | INFO     | src.utils.logger | RAGAgent initialized successfully.
2026-10-09 10:25:26,306 | DEBUG    | asyncio | Using proactor: IocpProactor
2026-10-09 10:25:26,308 | INFO     | src.utils.logger | Processing RAG query: What services are available to students?
2026-10-09 10:25:26,308 | INFO     | src.utils.logger | Running retrieval query: What services are available to students?
2026-10-09 10:25:26,324 | DEBUG    | httpcore.connection | connect_tcp.started host='127.0.0.1' port=11434 local_address=None timeout=None socket_options=None
2026-10-09 10:25:26,326 | DEBUG    | httpcore.connection | connect_tcp.complete return_value=<httpcore._backends.sync.SyncStream object at 0x000001B2CE0D3560>
2026-10-09 10:25:26,326 | DEBUG    | httpcore.http11 | send_request_headers.started request=<Request [b'POST']>
2026-10-09 10:25:26,326 | DEBUG    | httpcore.http11 | send_request_headers.complete
2026-10-09 10:25:26,327 | DEBUG    | httpcore.http11 | send_request_body.started request=<Request [b'POST']>
2026-10-09 10:25:26,327 | DEBUG    | httpcore.http11 | send_request_body.complete
2026-10-09 10:25:26,327 | DEBUG    | httpcore.http11 | receive_response_headers.started request=<Request [b'POST']>
2026-10-09 10:25:33,176 | DEBUG    | httpcore.http11 | receive_response_headers.complete return_value=(b'HTTP/1.1', 200, b'OK', [(b'Content-Type', b'application/json; charset=utf-8'), (b'Date', b'Fri, 09 Oct 2026 04:55:33 GMT'), (b'Transfer-Encoding', b'chunked')])
2026-10-09 10:25:33,176 | INFO     | httpx | HTTP Request: POST http://127.0.0.1:11434/api/embed "HTTP/1.1 200 OK"
2026-10-09 10:25:33,176 | DEBUG    | httpcore.http11 | receive_response_body.started request=<Request [b'POST']>
2026-10-09 10:25:33,176 | DEBUG    | httpcore.http11 | receive_response_body.complete
2026-10-09 10:25:33,176 | DEBUG    | httpcore.http11 | response_closed.started
2026-10-09 10:25:33,176 | DEBUG    | httpcore.http11 | response_closed.complete
2026-10-09 10:25:33,177 | INFO     | src.utils.logger | Retrieved 3 documents.
2026-10-09 10:25:33,177 | INFO     | src.utils.logger | Retrieved 3 documents for the query.
2026-10-09 10:25:33,181 | DEBUG    | httpcore.connection | connect_tcp.started host='127.0.0.1' port=11434 local_address=None timeout=None socket_options=None
2026-10-09 10:25:33,182 | DEBUG    | httpcore.connection | connect_tcp.complete return_value=<httpcore._backends.anyio.AnyIOStream object at 0x000001B3248C3FE0>
2026-10-09 10:25:33,183 | DEBUG    | httpcore.http11 | send_request_headers.started request=<Request [b'POST']>
2026-10-09 10:25:33,183 | DEBUG    | httpcore.http11 | send_request_headers.complete
2026-10-09 10:25:33,183 | DEBUG    | httpcore.http11 | send_request_body.started request=<Request [b'POST']>
2026-10-09 10:25:33,183 | DEBUG    | httpcore.http11 | send_request_body.complete
2026-10-09 10:25:33,183 | DEBUG    | httpcore.http11 | receive_response_headers.started request=<Request [b'POST']>
2026-10-09 10:25:34,378 | DEBUG    | httpcore.http11 | receive_response_headers.complete return_value=(b'HTTP/1.1', 200, b'OK', [(b'Content-Type', b'application/json; charset=utf-8'), (b'Date', b'Fri, 09 Oct 2026 04:55:34 GMT'), (b'Content-Length', b'575')])
2026-10-09 10:25:34,379 | INFO     | httpx | HTTP Request: POST http://127.0.0.1:11434/api/chat "HTTP/1.1 200 OK"
2026-10-09 10:25:34,379 | DEBUG    | httpcore.http11 | receive_response_body.started request=<Request [b'POST']>
2026-10-09 10:25:34,379 | DEBUG    | httpcore.http11 | receive_response_body.complete
2026-10-09 10:25:34,379 | DEBUG    | httpcore.http11 | response_closed.started
2026-10-09 10:25:34,379 | DEBUG    | httpcore.http11 | response_closed.complete
2026-10-09 10:25:34,379 | DEBUG    | src.utils.logger | Raw model response: {
    "answer": "The available student services include academic advising, enrollment support, library services, career guidance, accessibility support, and general administrative assistance.",
    "sources": ["01_student_handbook.pdf"]
}
2026-10-09 10:25:34,380 | INFO     | src.utils.logger | RAG response generated successfully.
2026-10-09 10:26:12,673 | DEBUG    | asyncio | Using proactor: IocpProactor
2026-10-09 10:26:12,674 | INFO     | src.utils.logger | Processing RAG query: What is the university president's personal phone number?
2026-10-09 10:26:12,675 | INFO     | src.utils.logger | Running retrieval query: What is the university president's personal phone number?
2026-10-09 10:26:12,676 | DEBUG    | httpcore.connection | close.started
2026-10-09 10:26:12,676 | DEBUG    | httpcore.connection | close.complete
2026-10-09 10:26:12,676 | DEBUG    | httpcore.connection | connect_tcp.started host='127.0.0.1' port=11434 local_address=None timeout=None socket_options=None
2026-10-09 10:26:12,677 | DEBUG    | httpcore.connection | connect_tcp.complete return_value=<httpcore._backends.sync.SyncStream object at 0x000001B2CAE3C500>
2026-10-09 10:26:12,677 | DEBUG    | httpcore.http11 | send_request_headers.started request=<Request [b'POST']>
2026-10-09 10:26:12,678 | DEBUG    | httpcore.http11 | send_request_headers.complete
2026-10-09 10:26:12,678 | DEBUG    | httpcore.http11 | send_request_body.started request=<Request [b'POST']>
2026-10-09 10:26:12,678 | DEBUG    | httpcore.http11 | send_request_body.complete
2026-10-09 10:26:12,678 | DEBUG    | httpcore.http11 | receive_response_headers.started request=<Request [b'POST']>
2026-10-09 10:26:14,048 | DEBUG    | httpcore.http11 | receive_response_headers.complete return_value=(b'HTTP/1.1', 200, b'OK', [(b'Content-Type', b'application/json; charset=utf-8'), (b'Date', b'Fri, 09 Oct 2026 04:56:14 GMT'), (b'Transfer-Encoding', b'chunked')])
2026-10-09 10:26:14,049 | INFO     | httpx | HTTP Request: POST http://127.0.0.1:11434/api/embed "HTTP/1.1 200 OK"
2026-10-09 10:26:14,049 | DEBUG    | httpcore.http11 | receive_response_body.started request=<Request [b'POST']>
2026-10-09 10:26:14,049 | DEBUG    | httpcore.http11 | receive_response_body.complete
2026-10-09 10:26:14,049 | DEBUG    | httpcore.http11 | response_closed.started
2026-10-09 10:26:14,049 | DEBUG    | httpcore.http11 | response_closed.complete
2026-10-09 10:26:14,050 | INFO     | src.utils.logger | Retrieved 3 documents.
2026-10-09 10:26:14,050 | INFO     | src.utils.logger | Retrieved 3 documents for the query.
2026-10-09 10:26:14,052 | DEBUG    | httpcore.connection | close.started
2026-10-09 10:26:14,052 | DEBUG    | httpcore.connection | close.failed exception=RuntimeError('Event loop is closed')
2026-10-09 10:26:14,052 | DEBUG    | agent_framework | Ollama chat request failed : Event loop is closed
Traceback (most recent call last):
  File "D:\RAG\.venv\Lib\site-packages\agent_framework_ollama\_chat_client.py", line 378, in _get_response
    response: OllamaChatResponse = await self.client.chat(  # type: ignore[misc]
                                   ^^^^^^^^^^^^^^^^^^^^^^^^^^^^^^^^^^^^^^^^^^^^^
  File "D:\RAG\.venv\Lib\site-packages\ollama\_client.py", line 1047, in chat
    return await self._request(
           ^^^^^^^^^^^^^^^^^^^^
  File "D:\RAG\.venv\Lib\site-packages\ollama\_client.py", line 819, in _request
    return cls(**(await self._request_raw(*args, **kwargs)).json())
                  ^^^^^^^^^^^^^^^^^^^^^^^^^^^^^^^^^^^^^^^^
  File "D:\RAG\.venv\Lib\site-packages\ollama\_client.py", line 759, in _request_raw
    r = await self._client.request(*args, **kwargs)
        ^^^^^^^^^^^^^^^^^^^^^^^^^^^^^^^^^^^^^^^^^^^
  File "D:\RAG\.venv\Lib\site-packages\httpx\_client.py", line 1540, in request
    return await self.send(request, auth=auth, follow_redirects=follow_redirects)
           ^^^^^^^^^^^^^^^^^^^^^^^^^^^^^^^^^^^^^^^^^^^^^^^^^^^^^^^^^^^^^^^^^^^^^^
  File "D:\RAG\.venv\Lib\site-packages\httpx\_client.py", line 1629, in send
    response = await self._send_handling_auth(
               ^^^^^^^^^^^^^^^^^^^^^^^^^^^^^^^
  File "D:\RAG\.venv\Lib\site-packages\httpx\_client.py", line 1657, in _send_handling_auth
    response = await self._send_handling_redirects(
               ^^^^^^^^^^^^^^^^^^^^^^^^^^^^^^^^^^^^
  File "D:\RAG\.venv\Lib\site-packages\httpx\_client.py", line 1694, in _send_handling_redirects
    response = await self._send_single_request(request)
               ^^^^^^^^^^^^^^^^^^^^^^^^^^^^^^^^^^^^^^^^
  File "D:\RAG\.venv\Lib\site-packages\httpx\_client.py", line 1730, in _send_single_request
    response = await transport.handle_async_request(request)
               ^^^^^^^^^^^^^^^^^^^^^^^^^^^^^^^^^^^^^^^^^^^^^
  File "D:\RAG\.venv\Lib\site-packages\httpx\_transports\default.py", line 394, in handle_async_request
    resp = await self._pool.handle_async_request(req)
           ^^^^^^^^^^^^^^^^^^^^^^^^^^^^^^^^^^^^^^^^^^
  File "D:\RAG\.venv\Lib\site-packages\httpcore\_async\connection_pool.py", line 256, in handle_async_request
    raise exc from None
  File "D:\RAG\.venv\Lib\site-packages\httpcore\_async\connection_pool.py", line 229, in handle_async_request
    await self._close_connections(closing)
  File "D:\RAG\.venv\Lib\site-packages\httpcore\_async\connection_pool.py", line 345, in _close_connections
    await connection.aclose()
  File "D:\RAG\.venv\Lib\site-packages\httpcore\_async\connection.py", line 173, in aclose
    await self._connection.aclose()
  File "D:\RAG\.venv\Lib\site-packages\httpcore\_async\http11.py", line 258, in aclose
    await self._network_stream.aclose()
  File "D:\RAG\.venv\Lib\site-packages\httpcore\_backends\anyio.py", line 53, in aclose
    await self._stream.aclose()
  File "D:\RAG\.venv\Lib\site-packages\anyio\_backends\_asyncio.py", line 1467, in aclose
    self._transport.close()
  File "C:\Users\balaj\AppData\Local\Python\pythoncore-3.12-64\Lib\asyncio\proactor_events.py", line 109, in close
    self._loop.call_soon(self._call_connection_lost, None)
  File "C:\Users\balaj\AppData\Local\Python\pythoncore-3.12-64\Lib\asyncio\base_events.py", line 799, in call_soon
    self._check_closed()
  File "C:\Users\balaj\AppData\Local\Python\pythoncore-3.12-64\Lib\asyncio\base_events.py", line 545, in _check_closed
    raise RuntimeError('Event loop is closed')
RuntimeError: Event loop is closed
2026-10-09 10:26:14,198 | ERROR    | src.utils.logger | Ollama answer generation failed.
Traceback (most recent call last):
  File "D:\RAG\.venv\Lib\site-packages\agent_framework_ollama\_chat_client.py", line 378, in _get_response
    response: OllamaChatResponse = await self.client.chat(  # type: ignore[misc]
                                   ^^^^^^^^^^^^^^^^^^^^^^^^^^^^^^^^^^^^^^^^^^^^^
  File "D:\RAG\.venv\Lib\site-packages\ollama\_client.py", line 1047, in chat
    return await self._request(
           ^^^^^^^^^^^^^^^^^^^^
  File "D:\RAG\.venv\Lib\site-packages\ollama\_client.py", line 819, in _request
    return cls(**(await self._request_raw(*args, **kwargs)).json())
                  ^^^^^^^^^^^^^^^^^^^^^^^^^^^^^^^^^^^^^^^^
  File "D:\RAG\.venv\Lib\site-packages\ollama\_client.py", line 759, in _request_raw
    r = await self._client.request(*args, **kwargs)
        ^^^^^^^^^^^^^^^^^^^^^^^^^^^^^^^^^^^^^^^^^^^
  File "D:\RAG\.venv\Lib\site-packages\httpx\_client.py", line 1540, in request
    return await self.send(request, auth=auth, follow_redirects=follow_redirects)
           ^^^^^^^^^^^^^^^^^^^^^^^^^^^^^^^^^^^^^^^^^^^^^^^^^^^^^^^^^^^^^^^^^^^^^^
  File "D:\RAG\.venv\Lib\site-packages\httpx\_client.py", line 1629, in send
    response = await self._send_handling_auth(
               ^^^^^^^^^^^^^^^^^^^^^^^^^^^^^^^
  File "D:\RAG\.venv\Lib\site-packages\httpx\_client.py", line 1657, in _send_handling_auth
    response = await self._send_handling_redirects(
               ^^^^^^^^^^^^^^^^^^^^^^^^^^^^^^^^^^^^
  File "D:\RAG\.venv\Lib\site-packages\httpx\_client.py", line 1694, in _send_handling_redirects
    response = await self._send_single_request(request)
               ^^^^^^^^^^^^^^^^^^^^^^^^^^^^^^^^^^^^^^^^
  File "D:\RAG\.venv\Lib\site-packages\httpx\_client.py", line 1730, in _send_single_request
    response = await transport.handle_async_request(request)
               ^^^^^^^^^^^^^^^^^^^^^^^^^^^^^^^^^^^^^^^^^^^^^
  File "D:\RAG\.venv\Lib\site-packages\httpx\_transports\default.py", line 394, in handle_async_request
    resp = await self._pool.handle_async_request(req)
           ^^^^^^^^^^^^^^^^^^^^^^^^^^^^^^^^^^^^^^^^^^
  File "D:\RAG\.venv\Lib\site-packages\httpcore\_async\connection_pool.py", line 256, in handle_async_request
    raise exc from None
  File "D:\RAG\.venv\Lib\site-packages\httpcore\_async\connection_pool.py", line 229, in handle_async_request
    await self._close_connections(closing)
  File "D:\RAG\.venv\Lib\site-packages\httpcore\_async\connection_pool.py", line 345, in _close_connections
    await connection.aclose()
  File "D:\RAG\.venv\Lib\site-packages\httpcore\_async\connection.py", line 173, in aclose
    await self._connection.aclose()
  File "D:\RAG\.venv\Lib\site-packages\httpcore\_async\http11.py", line 258, in aclose
    await self._network_stream.aclose()
  File "D:\RAG\.venv\Lib\site-packages\httpcore\_backends\anyio.py", line 53, in aclose
    await self._stream.aclose()
  File "D:\RAG\.venv\Lib\site-packages\anyio\_backends\_asyncio.py", line 1467, in aclose
    self._transport.close()
  File "C:\Users\balaj\AppData\Local\Python\pythoncore-3.12-64\Lib\asyncio\proactor_events.py", line 109, in close
    self._loop.call_soon(self._call_connection_lost, None)
  File "C:\Users\balaj\AppData\Local\Python\pythoncore-3.12-64\Lib\asyncio\base_events.py", line 799, in call_soon
    self._check_closed()
  File "C:\Users\balaj\AppData\Local\Python\pythoncore-3.12-64\Lib\asyncio\base_events.py", line 545, in _check_closed
    raise RuntimeError('Event loop is closed')
RuntimeError: Event loop is closed

The above exception was the direct cause of the following exception:

Traceback (most recent call last):
  File "D:\RAG\src\dcoument_pipeline\rag.py", line 323, in route_request
    response = await self.rag_agent.run(prompt)
               ^^^^^^^^^^^^^^^^^^^^^^^^^^^^^^^^
  File "D:\RAG\.venv\Lib\site-packages\agent_framework\observability.py", line 2546, in _run
    response: AgentResponse[Any] = await execute()
                                   ^^^^^^^^^^^^^^^
  File "D:\RAG\.venv\Lib\site-packages\agent_framework\_agents.py", line 1121, in _run_non_streaming
    response = await self._call_chat_client(ctx, stream=False)
               ^^^^^^^^^^^^^^^^^^^^^^^^^^^^^^^^^^^^^^^^^^^^^^^
  File "D:\RAG\.venv\Lib\site-packages\agent_framework\_tools.py", line 4908, in _get_response_with_function_invocation
    await _await_provider_call(
  File "D:\RAG\.venv\Lib\site-packages\agent_framework\_tools.py", line 4164, in _await_provider_call
    return await operation(**kwargs)
           ^^^^^^^^^^^^^^^^^^^^^^^^^
  File "D:\RAG\.venv\Lib\site-packages\agent_framework\observability.py", line 2199, in _get_response
    await super_get_response(
  File "D:\RAG\.venv\Lib\site-packages\agent_framework_ollama\_chat_client.py", line 384, in _get_response
    raise ChatClientException(f"Ollama chat request failed : {ex}", ex) from ex
agent_framework.exceptions.ChatClientException: ('Ollama chat request failed : Event loop is closed', RuntimeError('Event loop is closed'))
2026-10-09 14:45:26,973 | DEBUG    | asyncio | Using proactor: IocpProactor
2026-10-09 14:45:26,998 | DEBUG    | asyncio | Using proactor: IocpProactor
2026-10-09 14:45:27,012 | DEBUG    | asyncio | Using proactor: IocpProactor
2026-10-09 14:45:27,031 | DEBUG    | asyncio | Using proactor: IocpProactor
2026-10-09 14:45:27,042 | DEBUG    | asyncio | Using proactor: IocpProactor
2026-10-09 14:45:27,059 | DEBUG    | asyncio | Using proactor: IocpProactor
2026-10-09 14:45:27,072 | DEBUG    | asyncio | Using proactor: IocpProactor
2026-10-09 14:46:51,561 | INFO     | src.dcoument_pipeline.pipeline | Found 5 PDF files in D:\RAG\data\uploads\current_batch
2026-10-09 14:46:51,562 | INFO     | src.dcoument_pipeline.pipeline | [1/4] Starting document extraction
2026-10-09 14:46:51,893 | INFO     | docling.datamodel.document | detected formats: [<InputFormat.PDF: 'pdf'>]
2026-10-09 14:46:55,226 | INFO     | docling.document_converter | Going to convert document batch...
2026-10-09 14:46:55,230 | INFO     | docling.document_converter | Initializing pipeline for StandardPdfPipeline with options hash 9e1bf18eeb7e4a6616c964e31cde46ca
2026-10-09 14:46:55,267 | INFO     | docling.models.factories.base_factory | Loading plugin 'docling_defaults'
2026-10-09 14:46:55,278 | INFO     | docling.models.factories | Registered picture descriptions: ['picture_description_vlm_engine', 'vlm', 'api']
2026-10-09 14:46:55,322 | INFO     | docling.models.factories.base_factory | Loading plugin 'docling_defaults'
2026-10-09 14:46:55,367 | INFO     | docling.models.factories | Registered ocr engines: ['auto', 'easyocr', 'kserve_v2_ocr', 'nemotron-ocr', 'ocrmac', 'rapidocr', 'tesserocr', 'tesseract']
2026-10-09 14:46:55,368 | INFO     | docling.models.stages.ocr.auto_ocr_model | rapidocr cannot be used because onnxruntime is not installed.
2026-10-09 14:46:55,368 | INFO     | docling.models.stages.ocr.auto_ocr_model | easyocr cannot be used because it is not installed.
2026-10-09 14:46:55,924 | INFO     | docling.utils.accelerator_utils | Accelerator device: 'cpu'
2026-10-09 14:46:56,578 | INFO     | docling.models.stages.ocr.auto_ocr_model | Auto OCR model selected rapidocr with torch.
2026-10-09 14:46:56,613 | INFO     | docling.models.factories.base_factory | Loading plugin 'docling_defaults'
2026-10-09 14:46:56,633 | INFO     | docling.models.factories | Registered layout engines: ['layout_object_detection', 'docling_layout_default', 'docling_experimental_table_crops_layout']
2026-10-09 14:46:56,636 | INFO     | docling.models.inference_engines.object_detection.transformers_engine | Initializing Transformers object-detection engine
2026-10-09 14:46:56,636 | INFO     | docling.models.inference_engines.common.hf_vision_base | Downloading object-detection model from HuggingFace: docling-project/docling-layout-heron@main
2026-10-09 14:46:56,636 | INFO     | docling.models.utils.hf_model_download | Fetching model docling-project/docling-layout-heron (revision: main)...
2026-10-09 14:46:56,862 | DEBUG    | httpcore.connection | connect_tcp.started host='huggingface.co' port=443 local_address=None timeout=None socket_options=None
2026-10-09 14:46:57,064 | DEBUG    | httpcore.connection | connect_tcp.complete return_value=<httpcore._backends.sync.SyncStream object at 0x000001CEB3E69910>
2026-10-09 14:46:57,064 | DEBUG    | httpcore.connection | start_tls.started ssl_context=<ssl.SSLContext object at 0x000001CEB78E63D0> server_hostname='huggingface.co' timeout=None
2026-10-09 14:46:57,091 | DEBUG    | httpcore.connection | start_tls.complete return_value=<httpcore._backends.sync.SyncStream object at 0x000001CE83671520>
2026-10-09 14:46:57,091 | DEBUG    | httpcore.http11 | send_request_headers.started request=<Request [b'GET']>
2026-10-09 14:46:57,091 | DEBUG    | httpcore.http11 | send_request_headers.complete
2026-10-09 14:46:57,091 | DEBUG    | httpcore.http11 | send_request_body.started request=<Request [b'GET']>
2026-10-09 14:46:57,091 | DEBUG    | httpcore.http11 | send_request_body.complete
2026-10-09 14:46:57,092 | DEBUG    | httpcore.http11 | receive_response_headers.started request=<Request [b'GET']>
2026-10-09 14:46:57,312 | DEBUG    | httpcore.http11 | receive_response_headers.complete return_value=(b'HTTP/1.1', 200, b'OK', [(b'Content-Type', b'application/json; charset=utf-8'), (b'Transfer-Encoding', b'chunked'), (b'Connection', b'keep-alive'), (b'Date', b'Fri, 09 Oct 2026 09:17:00 GMT'), (b'content-encoding', b'gzip'), (b'ETag', b'W/"43d-iJoNntHvdpszL38XDNv/jM6IkTI"'), (b'X-Powered-By', b'huggingface-moon'), (b'X-Request-Id', b'Root=1-6ac8b10c-6629a1fe6f434bab25ca669d;8296855b-7ec8-4b38-85c6-16ac9ee9efed'), (b'RateLimit', b'"api";r=499;t=224'), (b'RateLimit-Policy', b'"fixed window";"api";q=500;w=300'), (b'cross-origin-opener-policy', b'same-origin'), (b'Referrer-Policy', b'strict-origin-when-cross-origin'), (b'Access-Control-Max-Age', b'86400'), (b'Access-Control-Allow-Origin', b'https://huggingface.co'), (b'Vary', b'Origin'), (b'vary', b'Accept-Encoding'), (b'Access-Control-Expose-Headers', b'X-Repo-Commit,X-Request-Id,X-Error-Code,X-Error-Message,X-Total-Count,ETag,Link,Accept-Ranges,Content-Range,X-Linked-Size,X-Linked-ETag,X-Xet-Hash'), (b'X-Cache', b'Miss from cloudfront'), (b'Via', b'1.1 0b0818f864d09dfd4adfbe002dd2d0e8.cloudfront.net (CloudFront)'), (b'X-Amz-Cf-Pop', b'HYD57-P7'), (b'Alt-Svc', b'h3=":443"; ma=86400'), (b'X-Amz-Cf-Id', b'dM5-q3x_3ugAnaRqHP1AwGGxqT8fbAnFRatll4ZI7Q8js3rY9EMB_Q=='), (b'Strict-Transport-Security', b'max-age=31536000')])
2026-10-09 14:46:57,313 | INFO     | httpx | HTTP Request: GET https://huggingface.co/api/models/docling-project/docling-layout-heron/revision/main "HTTP/1.1 200 OK"
2026-10-09 14:46:57,313 | DEBUG    | httpcore.http11 | receive_response_body.started request=<Request [b'GET']>
2026-10-09 14:46:57,322 | DEBUG    | httpcore.http11 | receive_response_body.complete
2026-10-09 14:46:57,322 | DEBUG    | httpcore.http11 | response_closed.started
2026-10-09 14:46:57,322 | DEBUG    | httpcore.http11 | response_closed.complete
2026-10-09 14:46:57,350 | INFO     | docling.models.utils.hf_model_download | Model docling-project/docling-layout-heron already cached at C:\Users\balaj\.cache\huggingface\hub\models--docling-project--docling-layout-heron\snapshots\8f39ad3c0b4c58e9c2d2c84a38465abf757272d8
2026-10-09 14:46:57,351 | DEBUG    | docling.models.inference_engines.object_detection.transformers_engine | Using model at C:\Users\balaj\.cache\huggingface\hub\models--docling-project--docling-layout-heron\snapshots\8f39ad3c0b4c58e9c2d2c84a38465abf757272d8
2026-10-09 14:46:57,351 | INFO     | docling.utils.accelerator_utils | Accelerator device: 'cpu'
2026-10-09 14:46:57,353 | DEBUG    | docling.models.inference_engines.common.hf_vision_base | Loading image processor from C:\Users\balaj\.cache\huggingface\hub\models--docling-project--docling-layout-heron\snapshots\8f39ad3c0b4c58e9c2d2c84a38465abf757272d8
2026-10-09 14:46:57,373 | DEBUG    | docling.models.inference_engines.object_detection.transformers_engine | Loaded preprocessor with size: SizeDict(height=640, width=640, longest_edge=None, shortest_edge=None, max_height=None, max_width=None, min_pixels=None, max_pixels=None)
2026-10-09 14:46:57,391 | DEBUG    | docling.models.inference_engines.object_detection.transformers_engine | Loaded label mapping with 17 labels
2026-10-09 14:46:57,391 | DEBUG    | docling.models.inference_engines.object_detection.transformers_engine | Loading model from C:\Users\balaj\.cache\huggingface\hub\models--docling-project--docling-layout-heron\snapshots\8f39ad3c0b4c58e9c2d2c84a38465abf757272d8 to device cpu
2026-10-09 14:46:57,999 | INFO     | docling.models.inference_engines.object_detection.transformers_engine | Transformers engine ready (device=cpu, dtype=torch.float32)
2026-10-09 14:46:58,025 | INFO     | docling.models.factories.base_factory | Loading plugin 'docling_defaults'
2026-10-09 14:46:58,033 | INFO     | docling.models.factories | Registered table structure engines: ['docling_tableformer', 'docling_tableformer_v2', 'granite_vision_table']
2026-10-09 14:46:58,033 | INFO     | docling.models.utils.hf_model_download | Fetching model docling-project/docling-models (revision: v2.3.0)...
2026-10-09 14:46:58,034 | DEBUG    | httpcore.http11 | send_request_headers.started request=<Request [b'GET']>
2026-10-09 14:46:58,035 | DEBUG    | httpcore.http11 | send_request_headers.complete
2026-10-09 14:46:58,035 | DEBUG    | httpcore.http11 | send_request_body.started request=<Request [b'GET']>
2026-10-09 14:46:58,035 | DEBUG    | httpcore.http11 | send_request_body.complete
2026-10-09 14:46:58,035 | DEBUG    | httpcore.http11 | receive_response_headers.started request=<Request [b'GET']>
2026-10-09 14:46:58,295 | DEBUG    | httpcore.http11 | receive_response_headers.complete return_value=(b'HTTP/1.1', 200, b'OK', [(b'Content-Type', b'application/json; charset=utf-8'), (b'Transfer-Encoding', b'chunked'), (b'Connection', b'keep-alive'), (b'Date', b'Fri, 09 Oct 2026 09:17:01 GMT'), (b'content-encoding', b'gzip'), (b'ETag', b'W/"520-iF1IhULFSsMEjbOwsstPizX1pmM"'), (b'X-Powered-By', b'huggingface-moon'), (b'X-Request-Id', b'Root=1-6ac8b10d-7068d07a701177457bb450a7;21f6bf6f-93c9-4669-83b7-af16d6118614'), (b'RateLimit', b'"api";r=498;t=223'), (b'RateLimit-Policy', b'"fixed window";"api";q=500;w=300'), (b'cross-origin-opener-policy', b'same-origin'), (b'Referrer-Policy', b'strict-origin-when-cross-origin'), (b'Access-Control-Max-Age', b'86400'), (b'Access-Control-Allow-Origin', b'https://huggingface.co'), (b'Vary', b'Origin'), (b'vary', b'Accept-Encoding'), (b'Access-Control-Expose-Headers', b'X-Repo-Commit,X-Request-Id,X-Error-Code,X-Error-Message,X-Total-Count,ETag,Link,Accept-Ranges,Content-Range,X-Linked-Size,X-Linked-ETag,X-Xet-Hash'), (b'X-Cache', b'Miss from cloudfront'), (b'Via', b'1.1 0b0818f864d09dfd4adfbe002dd2d0e8.cloudfront.net (CloudFront)'), (b'X-Amz-Cf-Pop', b'HYD57-P7'), (b'Alt-Svc', b'h3=":443"; ma=86400'), (b'X-Amz-Cf-Id', b'Alou_6Z8MRfYHlwEnyDiCnGjEA4phoaGeeyt5UnZK10UbHPw3jblLQ=='), (b'Strict-Transport-Security', b'max-age=31536000')])
2026-10-09 14:46:58,296 | INFO     | httpx | HTTP Request: GET https://huggingface.co/api/models/docling-project/docling-models/revision/v2.3.0 "HTTP/1.1 200 OK"
2026-10-09 14:46:58,296 | DEBUG    | httpcore.http11 | receive_response_body.started request=<Request [b'GET']>
2026-10-09 14:46:58,296 | DEBUG    | httpcore.http11 | receive_response_body.complete
2026-10-09 14:46:58,296 | DEBUG    | httpcore.http11 | response_closed.started
2026-10-09 14:46:58,296 | DEBUG    | httpcore.http11 | response_closed.complete
2026-10-09 14:46:58,332 | INFO     | docling.models.utils.hf_model_download | Model docling-project/docling-models already cached at C:\Users\balaj\.cache\huggingface\hub\models--docling-project--docling-models\snapshots\fc0f2d45e2218ea24bce5045f58a389aed16dc23
2026-10-09 14:46:58,371 | INFO     | docling.utils.accelerator_utils | Accelerator device: 'cpu'
2026-10-09 14:46:59,035 | INFO     | docling.pipeline.base_pipeline | Processing document 01_student_handbook.pdf
2026-10-09 14:46:59,105 | DEBUG    | docling.pipeline.standard_pdf_pipeline | PIPELINE_PROFILING Stage preprocess: run_id=1 pages=[2] start=1791537419.090 end=1791537419.105 duration=0.015s
2026-10-09 14:46:59,111 | DEBUG    | docling.pipeline.standard_pdf_pipeline | PIPELINE_PROFILING Stage preprocess: run_id=1 pages=[1] start=1791537419.105 end=1791537419.111 duration=0.016s
2026-10-09 14:46:59,121 | DEBUG    | docling.pipeline.standard_pdf_pipeline | PIPELINE_PROFILING Stage preprocess: run_id=1 pages=[4] start=1791537419.111 end=1791537419.121 duration=0.000s
2026-10-09 14:46:59,131 | DEBUG    | docling.pipeline.standard_pdf_pipeline | PIPELINE_PROFILING Stage preprocess: run_id=1 pages=[3] start=1791537419.121 end=1791537419.131 duration=0.015s
2026-10-09 14:46:59,137 | DEBUG    | docling.pipeline.standard_pdf_pipeline | PIPELINE_PROFILING Stage preprocess: run_id=1 pages=[5] start=1791537419.131 end=1791537419.137 duration=0.000s
2026-10-09 14:47:00,269 | DEBUG    | docling.pipeline.standard_pdf_pipeline | PIPELINE_PROFILING Stage layout: run_id=1 pages=[2] start=1791537419.106 end=1791537420.270 duration=1.172s
2026-10-09 14:47:00,298 | DEBUG    | docling.pipeline.standard_pdf_pipeline | PIPELINE_PROFILING Stage ocr: run_id=1 pages=[2] start=1791537420.270 end=1791537420.299 duration=0.031s
2026-10-09 14:47:00,302 | DEBUG    | docling.pipeline.standard_pdf_pipeline | PIPELINE_PROFILING Stage layout_postprocess: run_id=1 pages=[2] start=1791537420.299 end=1791537420.303 duration=0.000s
2026-10-09 14:47:00,302 | DEBUG    | docling.pipeline.standard_pdf_pipeline | PIPELINE_PROFILING Stage table: run_id=1 pages=[2] start=1791537420.303 end=1791537420.303 duration=0.000s
2026-10-09 14:47:00,303 | DEBUG    | docling.pipeline.standard_pdf_pipeline | PIPELINE_PROFILING Stage assemble: run_id=1 pages=[2] start=1791537420.304 end=1791537420.304 duration=0.000s
2026-10-09 14:47:04,047 | DEBUG    | docling.pipeline.standard_pdf_pipeline | PIPELINE_PROFILING Stage layout: run_id=1 pages=[1, 4, 3, 5] start=1791537420.270 end=1791537424.047 duration=3.781s
2026-10-09 14:47:09,735 | DEBUG    | docling.pipeline.standard_pdf_pipeline | PIPELINE_PROFILING Stage ocr: run_id=1 pages=[1, 4, 3, 5] start=1791537424.047 end=1791537429.736 duration=5.688s
2026-10-09 14:47:09,738 | DEBUG    | docling.pipeline.standard_pdf_pipeline | PIPELINE_PROFILING Stage layout_postprocess: run_id=1 pages=[1] start=1791537429.737 end=1791537429.739 duration=0.000s
2026-10-09 14:47:09,738 | DEBUG    | docling.pipeline.standard_pdf_pipeline | PIPELINE_PROFILING Stage table: run_id=1 pages=[1] start=1791537429.739 end=1791537429.739 duration=0.000s
2026-10-09 14:47:09,739 | DEBUG    | docling.pipeline.standard_pdf_pipeline | PIPELINE_PROFILING Stage assemble: run_id=1 pages=[1] start=1791537429.739 end=1791537429.740 duration=0.000s
2026-10-09 14:47:09,744 | DEBUG    | docling.pipeline.standard_pdf_pipeline | PIPELINE_PROFILING Stage layout_postprocess: run_id=1 pages=[4] start=1791537429.739 end=1791537429.745 duration=0.000s
2026-10-09 14:47:09,748 | DEBUG    | docling.pipeline.standard_pdf_pipeline | PIPELINE_PROFILING Stage layout_postprocess: run_id=1 pages=[3] start=1791537429.745 end=1791537429.749 duration=0.015s
2026-10-09 14:47:09,750 | DEBUG    | docling.pipeline.standard_pdf_pipeline | PIPELINE_PROFILING Stage layout_postprocess: run_id=1 pages=[5] start=1791537429.749 end=1791537429.751 duration=0.000s
2026-10-09 14:47:11,758 | DEBUG    | docling.pipeline.standard_pdf_pipeline | PIPELINE_PROFILING Stage table: run_id=1 pages=[4] start=1791537429.745 end=1791537431.759 duration=2.015s
2026-10-09 14:47:11,769 | DEBUG    | docling.pipeline.standard_pdf_pipeline | PIPELINE_PROFILING Stage assemble: run_id=1 pages=[4] start=1791537431.759 end=1791537431.770 duration=0.016s
2026-10-09 14:47:12,738 | DEBUG    | docling.pipeline.standard_pdf_pipeline | PIPELINE_PROFILING Stage table: run_id=1 pages=[3, 5] start=1791537431.759 end=1791537432.737 duration=0.985s
2026-10-09 14:47:12,738 | DEBUG    | docling.pipeline.standard_pdf_pipeline | PIPELINE_PROFILING Stage assemble: run_id=1 pages=[3] start=1791537432.738 end=1791537432.738 duration=0.000s
2026-10-09 14:47:12,742 | DEBUG    | docling.pipeline.standard_pdf_pipeline | PIPELINE_PROFILING Stage assemble: run_id=1 pages=[5] start=1791537432.742 end=1791537432.742 duration=0.000s
2026-10-09 14:47:12,775 | INFO     | docling.document_converter | Finished converting document 01_student_handbook.pdf in 20.91 sec.
2026-10-09 14:47:12,880 | INFO     | docling.datamodel.document | detected formats: [<InputFormat.PDF: 'pdf'>]
2026-10-09 14:47:13,102 | INFO     | docling.document_converter | Going to convert document batch...
2026-10-09 14:47:13,103 | DEBUG    | docling.document_converter | Reusing cached pipeline for StandardPdfPipeline with options hash 9e1bf18eeb7e4a6616c964e31cde46ca
2026-10-09 14:47:13,103 | INFO     | docling.pipeline.base_pipeline | Processing document 02_academic_regulations.pdf
2026-10-09 14:47:13,131 | DEBUG    | docling.pipeline.standard_pdf_pipeline | PIPELINE_PROFILING Stage preprocess: run_id=2 pages=[4] start=1791537433.127 end=1791537433.132 duration=0.000s
2026-10-09 14:47:13,137 | DEBUG    | docling.pipeline.standard_pdf_pipeline | PIPELINE_PROFILING Stage preprocess: run_id=2 pages=[1] start=1791537433.133 end=1791537433.138 duration=0.000s
2026-10-09 14:47:13,146 | DEBUG    | docling.pipeline.standard_pdf_pipeline | PIPELINE_PROFILING Stage preprocess: run_id=2 pages=[2] start=1791537433.139 end=1791537433.146 duration=0.016s
2026-10-09 14:47:13,172 | DEBUG    | docling.pipeline.standard_pdf_pipeline | PIPELINE_PROFILING Stage preprocess: run_id=2 pages=[5] start=1791537433.157 end=1791537433.172 duration=0.015s
2026-10-09 14:47:13,184 | DEBUG    | docling.pipeline.standard_pdf_pipeline | PIPELINE_PROFILING Stage preprocess: run_id=2 pages=[7] start=1791537433.172 end=1791537433.184 duration=0.000s
2026-10-09 14:47:13,199 | DEBUG    | docling.pipeline.standard_pdf_pipeline | PIPELINE_PROFILING Stage preprocess: run_id=2 pages=[6] start=1791537433.185 end=1791537433.200 duration=0.016s
2026-10-09 14:47:13,211 | DEBUG    | docling.pipeline.standard_pdf_pipeline | PIPELINE_PROFILING Stage preprocess: run_id=2 pages=[8] start=1791537433.200 end=1791537433.211 duration=0.016s
2026-10-09 14:47:13,255 | DEBUG    | docling.pipeline.standard_pdf_pipeline | PIPELINE_PROFILING Stage preprocess: run_id=2 pages=[3] start=1791537433.212 end=1791537433.256 duration=0.046s
2026-10-09 14:47:13,265 | DEBUG    | docling.pipeline.standard_pdf_pipeline | PIPELINE_PROFILING Stage preprocess: run_id=2 pages=[9] start=1791537433.256 end=1791537433.266 duration=0.016s
2026-10-09 14:47:13,588 | DEBUG    | docling.pipeline.standard_pdf_pipeline | PIPELINE_PROFILING Stage preprocess: run_id=2 pages=[10] start=1791537433.266 end=1791537433.589 duration=0.313s
2026-10-09 14:47:13,598 | DEBUG    | docling.pipeline.standard_pdf_pipeline | PIPELINE_PROFILING Stage preprocess: run_id=2 pages=[12] start=1791537433.589 end=1791537433.599 duration=0.015s
2026-10-09 14:47:13,609 | DEBUG    | docling.pipeline.standard_pdf_pipeline | PIPELINE_PROFILING Stage preprocess: run_id=2 pages=[13] start=1791537433.599 end=1791537433.610 duration=0.016s
2026-10-09 14:47:13,618 | DEBUG    | docling.pipeline.standard_pdf_pipeline | PIPELINE_PROFILING Stage preprocess: run_id=2 pages=[11] start=1791537433.610 end=1791537433.619 duration=0.000s
2026-10-09 14:47:13,631 | DEBUG    | docling.pipeline.standard_pdf_pipeline | PIPELINE_PROFILING Stage preprocess: run_id=2 pages=[14] start=1791537433.619 end=1791537433.632 duration=0.015s
2026-10-09 14:47:13,639 | DEBUG    | docling.pipeline.standard_pdf_pipeline | PIPELINE_PROFILING Stage preprocess: run_id=2 pages=[15] start=1791537433.632 end=1791537433.640 duration=0.016s
2026-10-09 14:47:14,615 | DEBUG    | docling.pipeline.standard_pdf_pipeline | PIPELINE_PROFILING Stage layout: run_id=2 pages=[4] start=1791537433.133 end=1791537434.616 duration=1.485s
2026-10-09 14:47:19,192 | DEBUG    | docling.pipeline.standard_pdf_pipeline | PIPELINE_PROFILING Stage ocr: run_id=2 pages=[4] start=1791537434.616 end=1791537439.192 duration=4.578s
2026-10-09 14:47:19,196 | DEBUG    | docling.pipeline.standard_pdf_pipeline | PIPELINE_PROFILING Stage layout_postprocess: run_id=2 pages=[4] start=1791537439.193 end=1791537439.196 duration=0.000s
2026-10-09 14:47:20,512 | DEBUG    | docling.pipeline.standard_pdf_pipeline | PIPELINE_PROFILING Stage table: run_id=2 pages=[4] start=1791537439.197 end=1791537440.513 duration=1.312s
2026-10-09 14:47:20,512 | DEBUG    | docling.pipeline.standard_pdf_pipeline | PIPELINE_PROFILING Stage assemble: run_id=2 pages=[4] start=1791537440.513 end=1791537440.513 duration=0.000s
2026-10-09 14:47:20,991 | DEBUG    | docling.pipeline.standard_pdf_pipeline | PIPELINE_PROFILING Stage layout: run_id=2 pages=[1, 2, 5, 7] start=1791537434.616 end=1791537440.991 duration=6.375s
2026-10-09 14:47:27,241 | DEBUG    | docling.pipeline.standard_pdf_pipeline | PIPELINE_PROFILING Stage layout: run_id=2 pages=[6, 8, 3, 9] start=1791537440.991 end=1791537447.241 duration=6.250s
2026-10-09 14:47:33,499 | DEBUG    | docling.pipeline.standard_pdf_pipeline | PIPELINE_PROFILING Stage layout: run_id=2 pages=[10, 12, 13, 11] start=1791537447.241 end=1791537453.500 duration=6.265s
2026-10-09 14:47:37,039 | DEBUG    | docling.pipeline.standard_pdf_pipeline | PIPELINE_PROFILING Stage layout: run_id=2 pages=[14, 15] start=1791537453.500 end=1791537457.040 duration=3.532s
2026-10-09 14:47:54,242 | DEBUG    | docling.pipeline.standard_pdf_pipeline | PIPELINE_PROFILING Stage ocr: run_id=2 pages=[1, 2, 5, 7] start=1791537440.991 end=1791537474.243 duration=33.250s
2026-10-09 14:47:54,246 | DEBUG    | docling.pipeline.standard_pdf_pipeline | PIPELINE_PROFILING Stage layout_postprocess: run_id=2 pages=[1] start=1791537474.244 end=1791537474.246 duration=0.000s
2026-10-09 14:47:54,255 | DEBUG    | docling.pipeline.standard_pdf_pipeline | PIPELINE_PROFILING Stage layout_postprocess: run_id=2 pages=[2] start=1791537474.246 end=1791537474.255 duration=0.015s
2026-10-09 14:47:54,261 | DEBUG    | docling.pipeline.standard_pdf_pipeline | PIPELINE_PROFILING Stage layout_postprocess: run_id=2 pages=[5] start=1791537474.256 end=1791537474.262 duration=0.000s
2026-10-09 14:47:54,284 | DEBUG    | docling.pipeline.standard_pdf_pipeline | PIPELINE_PROFILING Stage layout_postprocess: run_id=2 pages=[7] start=1791537474.262 end=1791537474.285 duration=0.032s
2026-10-09 14:47:56,441 | DEBUG    | docling.pipeline.standard_pdf_pipeline | PIPELINE_PROFILING Stage table: run_id=2 pages=[1] start=1791537474.246 end=1791537476.441 duration=2.203s
2026-10-09 14:47:56,442 | DEBUG    | docling.pipeline.standard_pdf_pipeline | PIPELINE_PROFILING Stage assemble: run_id=2 pages=[1] start=1791537476.442 end=1791537476.442 duration=0.000s
2026-10-09 14:48:12,634 | DEBUG    | docling.pipeline.standard_pdf_pipeline | PIPELINE_PROFILING Stage table: run_id=2 pages=[2, 5, 7] start=1791537476.441 end=1791537492.634 duration=16.187s
2026-10-09 14:48:12,635 | DEBUG    | docling.pipeline.standard_pdf_pipeline | PIPELINE_PROFILING Stage assemble: run_id=2 pages=[2] start=1791537492.635 end=1791537492.635 duration=0.000s
2026-10-09 14:48:12,637 | DEBUG    | docling.pipeline.standard_pdf_pipeline | PIPELINE_PROFILING Stage assemble: run_id=2 pages=[5] start=1791537492.637 end=1791537492.637 duration=0.000s
2026-10-09 14:48:12,639 | DEBUG    | docling.pipeline.standard_pdf_pipeline | PIPELINE_PROFILING Stage assemble: run_id=2 pages=[7] start=1791537492.639 end=1791537492.639 duration=0.000s
2026-10-09 14:48:15,282 | DEBUG    | docling.pipeline.standard_pdf_pipeline | PIPELINE_PROFILING Stage ocr: run_id=2 pages=[6, 8, 3, 9] start=1791537474.243 end=1791537495.283 duration=21.047s
2026-10-09 14:48:15,291 | DEBUG    | docling.pipeline.standard_pdf_pipeline | PIPELINE_PROFILING Stage layout_postprocess: run_id=2 pages=[6] start=1791537495.284 end=1791537495.291 duration=0.000s
2026-10-09 14:48:15,300 | DEBUG    | docling.pipeline.standard_pdf_pipeline | PIPELINE_PROFILING Stage layout_postprocess: run_id=2 pages=[8] start=1791537495.292 end=1791537495.300 duration=0.015s
2026-10-09 14:48:15,317 | DEBUG    | docling.pipeline.standard_pdf_pipeline | PIPELINE_PROFILING Stage layout_postprocess: run_id=2 pages=[3] start=1791537495.300 end=1791537495.317 duration=0.016s
2026-10-09 14:48:15,346 | DEBUG    | docling.pipeline.standard_pdf_pipeline | PIPELINE_PROFILING Stage layout_postprocess: run_id=2 pages=[9] start=1791537495.320 end=1791537495.347 duration=0.031s
2026-10-09 14:48:28,301 | DEBUG    | docling.pipeline.standard_pdf_pipeline | PIPELINE_PROFILING Stage table: run_id=2 pages=[6] start=1791537495.292 end=1791537508.302 duration=13.015s
2026-10-09 14:48:28,301 | DEBUG    | docling.pipeline.standard_pdf_pipeline | PIPELINE_PROFILING Stage assemble: run_id=2 pages=[6] start=1791537508.302 end=1791537508.302 duration=0.000s
2026-10-09 14:48:45,154 | DEBUG    | docling.pipeline.standard_pdf_pipeline | PIPELINE_PROFILING Stage ocr: run_id=2 pages=[10, 12, 13, 11] start=1791537495.284 end=1791537525.154 duration=29.859s
2026-10-09 14:48:45,171 | DEBUG    | docling.pipeline.standard_pdf_pipeline | PIPELINE_PROFILING Stage layout_postprocess: run_id=2 pages=[10] start=1791537525.155 end=1791537525.171 duration=0.015s
2026-10-09 14:48:45,182 | DEBUG    | docling.pipeline.standard_pdf_pipeline | PIPELINE_PROFILING Stage layout_postprocess: run_id=2 pages=[12] start=1791537525.171 end=1791537525.182 duration=0.000s
2026-10-09 14:48:45,204 | DEBUG    | docling.pipeline.standard_pdf_pipeline | PIPELINE_PROFILING Stage layout_postprocess: run_id=2 pages=[13] start=1791537525.182 end=1791537525.205 duration=0.032s
2026-10-09 14:48:45,218 | DEBUG    | docling.pipeline.standard_pdf_pipeline | PIPELINE_PROFILING Stage layout_postprocess: run_id=2 pages=[11] start=1791537525.206 end=1791537525.219 duration=0.015s
2026-10-09 14:48:58,497 | DEBUG    | docling.pipeline.standard_pdf_pipeline | PIPELINE_PROFILING Stage table: run_id=2 pages=[8, 3, 9] start=1791537508.302 end=1791537538.498 duration=30.188s
2026-10-09 14:48:58,498 | DEBUG    | docling.pipeline.standard_pdf_pipeline | PIPELINE_PROFILING Stage assemble: run_id=2 pages=[8] start=1791537538.498 end=1791537538.498 duration=0.000s
2026-10-09 14:48:58,501 | DEBUG    | docling.pipeline.standard_pdf_pipeline | PIPELINE_PROFILING Stage assemble: run_id=2 pages=[3] start=1791537538.502 end=1791537538.502 duration=0.000s
2026-10-09 14:48:58,512 | DEBUG    | docling.pipeline.standard_pdf_pipeline | PIPELINE_PROFILING Stage assemble: run_id=2 pages=[9] start=1791537538.513 end=1791537538.513 duration=0.000s
2026-10-09 14:48:59,550 | DEBUG    | docling.pipeline.standard_pdf_pipeline | PIPELINE_PROFILING Stage ocr: run_id=2 pages=[14, 15] start=1791537525.154 end=1791537539.550 duration=14.406s
2026-10-09 14:48:59,567 | DEBUG    | docling.pipeline.standard_pdf_pipeline | PIPELINE_PROFILING Stage layout_postprocess: run_id=2 pages=[14] start=1791537539.551 end=1791537539.568 duration=0.016s
2026-10-09 14:48:59,578 | DEBUG    | docling.pipeline.standard_pdf_pipeline | PIPELINE_PROFILING Stage layout_postprocess: run_id=2 pages=[15] start=1791537539.569 end=1791537539.579 duration=0.016s
2026-10-09 14:49:16,189 | DEBUG    | docling.pipeline.standard_pdf_pipeline | PIPELINE_PROFILING Stage table: run_id=2 pages=[10, 12, 13, 11] start=1791537538.498 end=1791537556.190 duration=17.703s
2026-10-09 14:49:16,190 | DEBUG    | docling.pipeline.standard_pdf_pipeline | PIPELINE_PROFILING Stage assemble: run_id=2 pages=[10] start=1791537556.190 end=1791537556.191 duration=0.000s
2026-10-09 14:49:16,193 | DEBUG    | docling.pipeline.standard_pdf_pipeline | PIPELINE_PROFILING Stage assemble: run_id=2 pages=[12] start=1791537556.194 end=1791537556.194 duration=0.000s
2026-10-09 14:49:16,196 | DEBUG    | docling.pipeline.standard_pdf_pipeline | PIPELINE_PROFILING Stage assemble: run_id=2 pages=[13] start=1791537556.197 end=1791537556.197 duration=0.000s
2026-10-09 14:49:16,201 | DEBUG    | docling.pipeline.standard_pdf_pipeline | PIPELINE_PROFILING Stage assemble: run_id=2 pages=[11] start=1791537556.202 end=1791537556.202 duration=0.000s
2026-10-09 14:49:24,749 | DEBUG    | docling.pipeline.standard_pdf_pipeline | PIPELINE_PROFILING Stage table: run_id=2 pages=[14, 15] start=1791537556.190 end=1791537564.749 duration=8.562s
2026-10-09 14:49:24,749 | DEBUG    | docling.pipeline.standard_pdf_pipeline | PIPELINE_PROFILING Stage assemble: run_id=2 pages=[14] start=1791537564.749 end=1791537564.749 duration=0.000s
2026-10-09 14:49:24,752 | DEBUG    | docling.pipeline.standard_pdf_pipeline | PIPELINE_PROFILING Stage assemble: run_id=2 pages=[15] start=1791537564.752 end=1791537564.752 duration=0.000s
2026-10-09 14:49:24,818 | INFO     | docling.document_converter | Finished converting document 02_academic_regulations.pdf in 132.05 sec.
2026-10-09 14:49:25,063 | INFO     | docling.datamodel.document | detected formats: [<InputFormat.PDF: 'pdf'>]
2026-10-09 14:49:25,245 | INFO     | docling.document_converter | Going to convert document batch...
2026-10-09 14:49:25,245 | DEBUG    | docling.document_converter | Reusing cached pipeline for StandardPdfPipeline with options hash 9e1bf18eeb7e4a6616c964e31cde46ca
2026-10-09 14:49:25,245 | INFO     | docling.pipeline.base_pipeline | Processing document 03_examination_guidelines.pdf
2026-10-09 14:49:25,258 | DEBUG    | docling.pipeline.standard_pdf_pipeline | PIPELINE_PROFILING Stage preprocess: run_id=3 pages=[2] start=1791537565.256 end=1791537565.259 duration=0.000s
2026-10-09 14:49:25,262 | DEBUG    | docling.pipeline.standard_pdf_pipeline | PIPELINE_PROFILING Stage preprocess: run_id=3 pages=[1] start=1791537565.259 end=1791537565.263 duration=0.000s
2026-10-09 14:49:25,280 | DEBUG    | docling.pipeline.standard_pdf_pipeline | PIPELINE_PROFILING Stage preprocess: run_id=3 pages=[4] start=1791537565.270 end=1791537565.281 duration=0.016s
2026-10-09 14:49:25,286 | DEBUG    | docling.pipeline.standard_pdf_pipeline | PIPELINE_PROFILING Stage preprocess: run_id=3 pages=[3] start=1791537565.281 end=1791537565.287 duration=0.000s
2026-10-09 14:49:25,294 | DEBUG    | docling.pipeline.standard_pdf_pipeline | PIPELINE_PROFILING Stage preprocess: run_id=3 pages=[5] start=1791537565.287 end=1791537565.295 duration=0.000s
2026-10-09 14:49:26,212 | DEBUG    | docling.pipeline.standard_pdf_pipeline | PIPELINE_PROFILING Stage layout: run_id=3 pages=[2] start=1791537565.259 end=1791537566.212 duration=0.954s
2026-10-09 14:49:26,220 | DEBUG    | docling.pipeline.standard_pdf_pipeline | PIPELINE_PROFILING Stage ocr: run_id=3 pages=[2] start=1791537566.212 end=1791537566.220 duration=0.015s
2026-10-09 14:49:26,222 | DEBUG    | docling.pipeline.standard_pdf_pipeline | PIPELINE_PROFILING Stage layout_postprocess: run_id=3 pages=[2] start=1791537566.220 end=1791537566.223 duration=0.000s
2026-10-09 14:49:26,222 | DEBUG    | docling.pipeline.standard_pdf_pipeline | PIPELINE_PROFILING Stage table: run_id=3 pages=[2] start=1791537566.223 end=1791537566.223 duration=0.000s
2026-10-09 14:49:26,223 | DEBUG    | docling.pipeline.standard_pdf_pipeline | PIPELINE_PROFILING Stage assemble: run_id=3 pages=[2] start=1791537566.223 end=1791537566.224 duration=0.000s
2026-10-09 14:49:30,294 | DEBUG    | docling.pipeline.standard_pdf_pipeline | PIPELINE_PROFILING Stage layout: run_id=3 pages=[1, 4, 3, 5] start=1791537566.212 end=1791537570.294 duration=4.078s
2026-10-09 14:49:38,480 | DEBUG    | docling.pipeline.standard_pdf_pipeline | PIPELINE_PROFILING Stage ocr: run_id=3 pages=[1, 4, 3, 5] start=1791537570.294 end=1791537578.480 duration=8.187s
2026-10-09 14:49:38,482 | DEBUG    | docling.pipeline.standard_pdf_pipeline | PIPELINE_PROFILING Stage layout_postprocess: run_id=3 pages=[1] start=1791537578.480 end=1791537578.482 duration=0.000s
2026-10-09 14:49:38,483 | DEBUG    | docling.pipeline.standard_pdf_pipeline | PIPELINE_PROFILING Stage table: run_id=3 pages=[1] start=1791537578.483 end=1791537578.483 duration=0.000s
2026-10-09 14:49:38,483 | DEBUG    | docling.pipeline.standard_pdf_pipeline | PIPELINE_PROFILING Stage assemble: run_id=3 pages=[1] start=1791537578.483 end=1791537578.483 duration=0.000s
2026-10-09 14:49:38,493 | DEBUG    | docling.pipeline.standard_pdf_pipeline | PIPELINE_PROFILING Stage layout_postprocess: run_id=3 pages=[4] start=1791537578.483 end=1791537578.494 duration=0.000s
2026-10-09 14:49:38,500 | DEBUG    | docling.pipeline.standard_pdf_pipeline | PIPELINE_PROFILING Stage layout_postprocess: run_id=3 pages=[3] start=1791537578.494 end=1791537578.500 duration=0.015s
2026-10-09 14:49:38,503 | DEBUG    | docling.pipeline.standard_pdf_pipeline | PIPELINE_PROFILING Stage layout_postprocess: run_id=3 pages=[5] start=1791537578.500 end=1791537578.503 duration=0.000s
2026-10-09 14:49:42,428 | DEBUG    | docling.pipeline.standard_pdf_pipeline | PIPELINE_PROFILING Stage table: run_id=3 pages=[4] start=1791537578.494 end=1791537582.429 duration=3.937s
2026-10-09 14:49:42,429 | DEBUG    | docling.pipeline.standard_pdf_pipeline | PIPELINE_PROFILING Stage assemble: run_id=3 pages=[4] start=1791537582.430 end=1791537582.430 duration=0.000s
2026-10-09 14:49:44,656 | DEBUG    | docling.pipeline.standard_pdf_pipeline | PIPELINE_PROFILING Stage table: run_id=3 pages=[3, 5] start=1791537582.429 end=1791537584.656 duration=2.235s
2026-10-09 14:49:44,657 | DEBUG    | docling.pipeline.standard_pdf_pipeline | PIPELINE_PROFILING Stage assemble: run_id=3 pages=[3] start=1791537584.657 end=1791537584.657 duration=0.000s
2026-10-09 14:49:44,659 | DEBUG    | docling.pipeline.standard_pdf_pipeline | PIPELINE_PROFILING Stage assemble: run_id=3 pages=[5] start=1791537584.659 end=1791537584.659 duration=0.000s
2026-10-09 14:49:44,680 | INFO     | docling.document_converter | Finished converting document 03_examination_guidelines.pdf in 19.86 sec.
2026-10-09 14:49:44,712 | INFO     | docling.datamodel.document | detected formats: [<InputFormat.PDF: 'pdf'>]
2026-10-09 14:49:44,901 | INFO     | docling.document_converter | Going to convert document batch...
2026-10-09 14:49:44,901 | DEBUG    | docling.document_converter | Reusing cached pipeline for StandardPdfPipeline with options hash 9e1bf18eeb7e4a6616c964e31cde46ca
2026-10-09 14:49:44,901 | INFO     | docling.pipeline.base_pipeline | Processing document 04_fee_structure.pdf
2026-10-09 14:49:44,914 | DEBUG    | docling.pipeline.standard_pdf_pipeline | PIPELINE_PROFILING Stage preprocess: run_id=4 pages=[2] start=1791537584.911 end=1791537584.915 duration=0.000s
2026-10-09 14:49:44,918 | DEBUG    | docling.pipeline.standard_pdf_pipeline | PIPELINE_PROFILING Stage preprocess: run_id=4 pages=[1] start=1791537584.915 end=1791537584.919 duration=0.000s
2026-10-09 14:49:44,923 | DEBUG    | docling.pipeline.standard_pdf_pipeline | PIPELINE_PROFILING Stage preprocess: run_id=4 pages=[5] start=1791537584.920 end=1791537584.924 duration=0.015s
2026-10-09 14:49:44,933 | DEBUG    | docling.pipeline.standard_pdf_pipeline | PIPELINE_PROFILING Stage preprocess: run_id=4 pages=[3] start=1791537584.926 end=1791537584.934 duration=0.000s
2026-10-09 14:49:44,944 | DEBUG    | docling.pipeline.standard_pdf_pipeline | PIPELINE_PROFILING Stage preprocess: run_id=4 pages=[4] start=1791537584.934 end=1791537584.945 duration=0.016s
2026-10-09 14:49:45,737 | DEBUG    | docling.pipeline.standard_pdf_pipeline | PIPELINE_PROFILING Stage layout: run_id=4 pages=[2] start=1791537584.915 end=1791537585.737 duration=0.828s
2026-10-09 14:49:45,746 | DEBUG    | docling.pipeline.standard_pdf_pipeline | PIPELINE_PROFILING Stage ocr: run_id=4 pages=[2] start=1791537585.738 end=1791537585.747 duration=0.000s
2026-10-09 14:49:45,748 | DEBUG    | docling.pipeline.standard_pdf_pipeline | PIPELINE_PROFILING Stage layout_postprocess: run_id=4 pages=[2] start=1791537585.747 end=1791537585.749 duration=0.015s
2026-10-09 14:49:45,748 | DEBUG    | docling.pipeline.standard_pdf_pipeline | PIPELINE_PROFILING Stage table: run_id=4 pages=[2] start=1791537585.749 end=1791537585.749 duration=0.000s
2026-10-09 14:49:45,749 | DEBUG    | docling.pipeline.standard_pdf_pipeline | PIPELINE_PROFILING Stage assemble: run_id=4 pages=[2] start=1791537585.750 end=1791537585.750 duration=0.000s
2026-10-09 14:49:49,295 | DEBUG    | docling.pipeline.standard_pdf_pipeline | PIPELINE_PROFILING Stage layout: run_id=4 pages=[1, 5, 3, 4] start=1791537585.738 end=1791537589.295 duration=3.547s
2026-10-09 14:50:01,281 | DEBUG    | docling.pipeline.standard_pdf_pipeline | PIPELINE_PROFILING Stage ocr: run_id=4 pages=[1, 5, 3, 4] start=1791537589.296 end=1791537601.282 duration=11.985s
2026-10-09 14:50:01,283 | DEBUG    | docling.pipeline.standard_pdf_pipeline | PIPELINE_PROFILING Stage layout_postprocess: run_id=4 pages=[1] start=1791537601.283 end=1791537601.284 duration=0.000s
2026-10-09 14:50:01,283 | DEBUG    | docling.pipeline.standard_pdf_pipeline | PIPELINE_PROFILING Stage table: run_id=4 pages=[1] start=1791537601.284 end=1791537601.284 duration=0.000s
2026-10-09 14:50:01,283 | DEBUG    | docling.pipeline.standard_pdf_pipeline | PIPELINE_PROFILING Stage assemble: run_id=4 pages=[1] start=1791537601.284 end=1791537601.284 duration=0.000s
2026-10-09 14:50:01,285 | DEBUG    | docling.pipeline.standard_pdf_pipeline | PIPELINE_PROFILING Stage layout_postprocess: run_id=4 pages=[5] start=1791537601.284 end=1791537601.286 duration=0.000s
2026-10-09 14:50:01,285 | DEBUG    | docling.pipeline.standard_pdf_pipeline | PIPELINE_PROFILING Stage table: run_id=4 pages=[5] start=1791537601.286 end=1791537601.286 duration=0.000s
2026-10-09 14:50:01,285 | DEBUG    | docling.pipeline.standard_pdf_pipeline | PIPELINE_PROFILING Stage assemble: run_id=4 pages=[5] start=1791537601.286 end=1791537601.286 duration=0.000s
2026-10-09 14:50:01,292 | DEBUG    | docling.pipeline.standard_pdf_pipeline | PIPELINE_PROFILING Stage layout_postprocess: run_id=4 pages=[3] start=1791537601.286 end=1791537601.293 duration=0.000s
2026-10-09 14:50:01,296 | DEBUG    | docling.pipeline.standard_pdf_pipeline | PIPELINE_PROFILING Stage layout_postprocess: run_id=4 pages=[4] start=1791537601.293 end=1791537601.297 duration=0.015s
2026-10-09 14:50:05,219 | DEBUG    | docling.pipeline.standard_pdf_pipeline | PIPELINE_PROFILING Stage table: run_id=4 pages=[3] start=1791537601.293 end=1791537605.220 duration=3.937s
2026-10-09 14:50:05,219 | DEBUG    | docling.pipeline.standard_pdf_pipeline | PIPELINE_PROFILING Stage assemble: run_id=4 pages=[3] start=1791537605.220 end=1791537605.220 duration=0.000s
2026-10-09 14:50:09,268 | DEBUG    | docling.pipeline.standard_pdf_pipeline | PIPELINE_PROFILING Stage table: run_id=4 pages=[4] start=1791537605.220 end=1791537609.268 duration=4.047s
2026-10-09 14:50:09,268 | DEBUG    | docling.pipeline.standard_pdf_pipeline | PIPELINE_PROFILING Stage assemble: run_id=4 pages=[4] start=1791537609.268 end=1791537609.268 duration=0.000s
2026-10-09 14:50:09,290 | INFO     | docling.document_converter | Finished converting document 04_fee_structure.pdf in 24.61 sec.
2026-10-09 14:50:09,325 | INFO     | docling.datamodel.document | detected formats: [<InputFormat.PDF: 'pdf'>]
2026-10-09 14:50:09,515 | INFO     | docling.document_converter | Going to convert document batch...
2026-10-09 14:50:09,516 | DEBUG    | docling.document_converter | Reusing cached pipeline for StandardPdfPipeline with options hash 9e1bf18eeb7e4a6616c964e31cde46ca
2026-10-09 14:50:09,517 | INFO     | docling.pipeline.base_pipeline | Processing document 05_scholarship_guidelines.pdf
2026-10-09 14:50:09,529 | DEBUG    | docling.pipeline.standard_pdf_pipeline | PIPELINE_PROFILING Stage preprocess: run_id=5 pages=[2] start=1791537609.527 end=1791537609.530 duration=0.000s
2026-10-09 14:50:09,535 | DEBUG    | docling.pipeline.standard_pdf_pipeline | PIPELINE_PROFILING Stage preprocess: run_id=5 pages=[1] start=1791537609.530 end=1791537609.536 duration=0.016s
2026-10-09 14:50:09,553 | DEBUG    | docling.pipeline.standard_pdf_pipeline | PIPELINE_PROFILING Stage preprocess: run_id=5 pages=[3] start=1791537609.544 end=1791537609.553 duration=0.015s
2026-10-09 14:50:09,560 | DEBUG    | docling.pipeline.standard_pdf_pipeline | PIPELINE_PROFILING Stage preprocess: run_id=5 pages=[4] start=1791537609.554 end=1791537609.560 duration=0.000s
2026-10-09 14:50:09,565 | DEBUG    | docling.pipeline.standard_pdf_pipeline | PIPELINE_PROFILING Stage preprocess: run_id=5 pages=[5] start=1791537609.560 end=1791537609.565 duration=0.016s
2026-10-09 14:50:22,692 | DEBUG    | docling.pipeline.standard_pdf_pipeline | PIPELINE_PROFILING Stage layout: run_id=5 pages=[2] start=1791537609.531 end=1791537622.693 duration=13.156s
2026-10-09 14:50:22,711 | DEBUG    | docling.pipeline.standard_pdf_pipeline | PIPELINE_PROFILING Stage ocr: run_id=5 pages=[2] start=1791537622.694 end=1791537622.712 duration=0.016s
2026-10-09 14:50:22,719 | DEBUG    | docling.pipeline.standard_pdf_pipeline | PIPELINE_PROFILING Stage layout_postprocess: run_id=5 pages=[2] start=1791537622.712 end=1791537622.720 duration=0.015s
2026-10-09 14:50:22,719 | DEBUG    | docling.pipeline.standard_pdf_pipeline | PIPELINE_PROFILING Stage table: run_id=5 pages=[2] start=1791537622.720 end=1791537622.720 duration=0.000s
2026-10-09 14:50:22,720 | DEBUG    | docling.pipeline.standard_pdf_pipeline | PIPELINE_PROFILING Stage assemble: run_id=5 pages=[2] start=1791537622.720 end=1791537622.721 duration=0.000s
2026-10-09 14:50:26,810 | DEBUG    | docling.pipeline.standard_pdf_pipeline | PIPELINE_PROFILING Stage layout: run_id=5 pages=[1, 3, 4, 5] start=1791537622.694 end=1791537626.811 duration=4.109s
2026-10-09 14:50:36,632 | DEBUG    | docling.pipeline.standard_pdf_pipeline | PIPELINE_PROFILING Stage ocr: run_id=5 pages=[1, 3, 4, 5] start=1791537626.811 end=1791537636.632 duration=9.828s
2026-10-09 14:50:36,635 | DEBUG    | docling.pipeline.standard_pdf_pipeline | PIPELINE_PROFILING Stage layout_postprocess: run_id=5 pages=[1] start=1791537636.633 end=1791537636.635 duration=0.000s
2026-10-09 14:50:36,635 | DEBUG    | docling.pipeline.standard_pdf_pipeline | PIPELINE_PROFILING Stage table: run_id=5 pages=[1] start=1791537636.635 end=1791537636.635 duration=0.000s
2026-10-09 14:50:36,636 | DEBUG    | docling.pipeline.standard_pdf_pipeline | PIPELINE_PROFILING Stage assemble: run_id=5 pages=[1] start=1791537636.635 end=1791537636.636 duration=0.000s
2026-10-09 14:50:36,641 | DEBUG    | docling.pipeline.standard_pdf_pipeline | PIPELINE_PROFILING Stage layout_postprocess: run_id=5 pages=[3] start=1791537636.635 end=1791537636.641 duration=0.016s
2026-10-09 14:50:36,646 | DEBUG    | docling.pipeline.standard_pdf_pipeline | PIPELINE_PROFILING Stage layout_postprocess: run_id=5 pages=[4] start=1791537636.641 end=1791537636.646 duration=0.000s
2026-10-09 14:50:36,657 | DEBUG    | docling.pipeline.standard_pdf_pipeline | PIPELINE_PROFILING Stage layout_postprocess: run_id=5 pages=[5] start=1791537636.653 end=1791537636.657 duration=0.016s
2026-10-09 14:50:40,155 | DEBUG    | docling.pipeline.standard_pdf_pipeline | PIPELINE_PROFILING Stage table: run_id=5 pages=[3] start=1791537636.642 end=1791537640.155 duration=3.516s
2026-10-09 14:50:40,156 | DEBUG    | docling.pipeline.standard_pdf_pipeline | PIPELINE_PROFILING Stage assemble: run_id=5 pages=[3] start=1791537640.155 end=1791537640.156 duration=0.000s
2026-10-09 14:50:43,538 | DEBUG    | docling.pipeline.standard_pdf_pipeline | PIPELINE_PROFILING Stage table: run_id=5 pages=[4, 5] start=1791537640.155 end=1791537643.539 duration=3.375s
2026-10-09 14:50:43,539 | DEBUG    | docling.pipeline.standard_pdf_pipeline | PIPELINE_PROFILING Stage assemble: run_id=5 pages=[4] start=1791537643.539 end=1791537643.540 duration=0.000s
2026-10-09 14:50:43,543 | DEBUG    | docling.pipeline.standard_pdf_pipeline | PIPELINE_PROFILING Stage assemble: run_id=5 pages=[5] start=1791537643.542 end=1791537643.542 duration=0.000s
2026-10-09 14:50:43,574 | INFO     | docling.document_converter | Finished converting document 05_scholarship_guidelines.pdf in 34.28 sec.
2026-10-09 14:50:43,688 | INFO     | src.dcoument_pipeline.pipeline | [1/4] Document extraction completed
2026-10-09 14:50:43,688 | INFO     | src.dcoument_pipeline.pipeline | [2/4] Starting document chunking
2026-10-09 14:50:43,723 | INFO     | src.dcoument_pipeline.pipeline | [2/4] Document chunking completed
2026-10-09 14:50:43,723 | INFO     | src.dcoument_pipeline.pipeline | [3/4] Starting chunk refinement
2026-10-09 14:50:43,723 | INFO     | src.utils.logger | ========== CHUNK REFINEMENT STARTED ==========
2026-10-09 14:50:43,724 | INFO     | src.utils.logger | Loading chunks from: D:\RAG\data\chunks\chunks.json
2026-10-09 14:50:43,748 | INFO     | src.utils.logger | Successfully loaded 102 chunks.
2026-10-09 14:50:43,749 | DEBUG    | src.utils.logger | Chunk 01_student_handbook_chunk_1 is within size limit: 37 characters.
2026-10-09 14:50:43,749 | DEBUG    | src.utils.logger | Chunk 01_student_handbook_chunk_2 is within size limit: 374 characters.
2026-10-09 14:50:43,749 | DEBUG    | src.utils.logger | Chunk 01_student_handbook_chunk_3 is within size limit: 331 characters.
2026-10-09 14:50:43,749 | DEBUG    | src.utils.logger | Chunk 01_student_handbook_chunk_4 is within size limit: 796 characters.
2026-10-09 14:50:43,749 | DEBUG    | src.utils.logger | Chunk 01_student_handbook_chunk_5 is within size limit: 908 characters.
2026-10-09 14:50:43,749 | DEBUG    | src.utils.logger | Chunk 01_student_handbook_chunk_6 is within size limit: 652 characters.
2026-10-09 14:50:43,750 | DEBUG    | src.utils.logger | Chunk 01_student_handbook_chunk_7 is within size limit: 1116 characters.
2026-10-09 14:50:43,750 | DEBUG    | src.utils.logger | Chunk 01_student_handbook_chunk_8 is within size limit: 796 characters.
2026-10-09 14:50:43,750 | DEBUG    | src.utils.logger | Chunk 01_student_handbook_chunk_9 is within size limit: 963 characters.
2026-10-09 14:50:43,750 | DEBUG    | src.utils.logger | Chunk 01_student_handbook_chunk_10 is within size limit: 533 characters.
2026-10-09 14:50:43,750 | DEBUG    | src.utils.logger | Chunk 01_student_handbook_chunk_11 is within size limit: 562 characters.
2026-10-09 14:50:43,750 | DEBUG    | src.utils.logger | Chunk 01_student_handbook_chunk_12 is within size limit: 476 characters.
2026-10-09 14:50:43,750 | DEBUG    | src.utils.logger | Chunk 01_student_handbook_chunk_13 is within size limit: 526 characters.
2026-10-09 14:50:43,750 | DEBUG    | src.utils.logger | Chunk 01_student_handbook_chunk_14 is within size limit: 351 characters.
2026-10-09 14:50:43,750 | DEBUG    | src.utils.logger | Chunk 02_academic_regulations_chunk_1 is within size limit: 37 characters.
2026-10-09 14:50:43,750 | DEBUG    | src.utils.logger | Chunk 02_academic_regulations_chunk_2 is within size limit: 1157 characters.
2026-10-09 14:50:43,750 | DEBUG    | src.utils.logger | Chunk 02_academic_regulations_chunk_3 is within size limit: 2027 characters.
2026-10-09 14:50:43,750 | DEBUG    | src.utils.logger | Chunk 02_academic_regulations_chunk_4 is within size limit: 780 characters.
2026-10-09 14:50:43,750 | DEBUG    | src.utils.logger | Chunk 02_academic_regulations_chunk_5 is within size limit: 733 characters.
2026-10-09 14:50:43,750 | DEBUG    | src.utils.logger | Chunk 02_academic_regulations_chunk_6 is within size limit: 19 characters.
2026-10-09 14:50:43,750 | DEBUG    | src.utils.logger | Chunk 02_academic_regulations_chunk_7 is within size limit: 11 characters.
2026-10-09 14:50:43,750 | DEBUG    | src.utils.logger | Chunk 02_academic_regulations_chunk_8 is within size limit: 1009 characters.
2026-10-09 14:50:43,750 | DEBUG    | src.utils.logger | Chunk 02_academic_regulations_chunk_9 is within size limit: 858 characters.
2026-10-09 14:50:43,750 | DEBUG    | src.utils.logger | Chunk 02_academic_regulations_chunk_10 is within size limit: 2039 characters.
2026-10-09 14:50:43,750 | DEBUG    | src.utils.logger | Chunk 02_academic_regulations_chunk_11 is within size limit: 315 characters.
2026-10-09 14:50:43,750 | DEBUG    | src.utils.logger | Chunk 02_academic_regulations_chunk_12 is within size limit: 11 characters.
2026-10-09 14:50:43,750 | DEBUG    | src.utils.logger | Chunk 02_academic_regulations_chunk_13 is within size limit: 3388 characters.
2026-10-09 14:50:43,750 | DEBUG    | src.utils.logger | Chunk 02_academic_regulations_chunk_14 is within size limit: 1321 characters.
2026-10-09 14:50:43,750 | DEBUG    | src.utils.logger | Chunk 02_academic_regulations_chunk_15 is within size limit: 2200 characters.
2026-10-09 14:50:43,750 | DEBUG    | src.utils.logger | Chunk 02_academic_regulations_chunk_16 is within size limit: 1768 characters.
2026-10-09 14:50:43,750 | DEBUG    | src.utils.logger | Chunk 02_academic_regulations_chunk_17 is within size limit: 989 characters.
2026-10-09 14:50:43,750 | DEBUG    | src.utils.logger | Chunk 02_academic_regulations_chunk_18 is within size limit: 11 characters.
2026-10-09 14:50:43,750 | DEBUG    | src.utils.logger | Chunk 02_academic_regulations_chunk_19 is within size limit: 371 characters.
2026-10-09 14:50:43,750 | DEBUG    | src.utils.logger | Chunk 02_academic_regulations_chunk_20 is within size limit: 1639 characters.
2026-10-09 14:50:43,750 | DEBUG    | src.utils.logger | Chunk 02_academic_regulations_chunk_21 is within size limit: 1516 characters.
2026-10-09 14:50:43,750 | DEBUG    | src.utils.logger | Chunk 02_academic_regulations_chunk_22 is within size limit: 1599 characters.
2026-10-09 14:50:43,750 | DEBUG    | src.utils.logger | Chunk 02_academic_regulations_chunk_23 is within size limit: 1693 characters.
2026-10-09 14:50:43,750 | DEBUG    | src.utils.logger | Chunk 02_academic_regulations_chunk_24 is within size limit: 11 characters.
2026-10-09 14:50:43,750 | DEBUG    | src.utils.logger | Chunk 02_academic_regulations_chunk_25 is within size limit: 693 characters.
2026-10-09 14:50:43,750 | DEBUG    | src.utils.logger | Chunk 02_academic_regulations_chunk_26 is within size limit: 1256 characters.
2026-10-09 14:50:43,750 | DEBUG    | src.utils.logger | Chunk 02_academic_regulations_chunk_27 is within size limit: 2388 characters.
2026-10-09 14:50:43,750 | DEBUG    | src.utils.logger | Chunk 02_academic_regulations_chunk_28 is within size limit: 912 characters.
2026-10-09 14:50:43,750 | DEBUG    | src.utils.logger | Chunk 02_academic_regulations_chunk_29 is within size limit: 11 characters.
2026-10-09 14:50:43,750 | DEBUG    | src.utils.logger | Chunk 02_academic_regulations_chunk_30 is within size limit: 2160 characters.
2026-10-09 14:50:43,750 | DEBUG    | src.utils.logger | Chunk 02_academic_regulations_chunk_31 is within size limit: 1095 characters.
2026-10-09 14:50:43,750 | DEBUG    | src.utils.logger | Chunk 02_academic_regulations_chunk_32 is within size limit: 464 characters.
2026-10-09 14:50:43,750 | DEBUG    | src.utils.logger | Chunk 02_academic_regulations_chunk_33 is within size limit: 206 characters.
2026-10-09 14:50:43,750 | DEBUG    | src.utils.logger | Chunk 02_academic_regulations_chunk_34 is within size limit: 635 characters.
2026-10-09 14:50:43,750 | DEBUG    | src.utils.logger | Chunk 02_academic_regulations_chunk_35 is within size limit: 11 characters.
2026-10-09 14:50:43,750 | DEBUG    | src.utils.logger | Chunk 02_academic_regulations_chunk_36 is within size limit: 1314 characters.
2026-10-09 14:50:43,750 | DEBUG    | src.utils.logger | Chunk 02_academic_regulations_chunk_37 is within size limit: 240 characters.
2026-10-09 14:50:43,750 | DEBUG    | src.utils.logger | Chunk 02_academic_regulations_chunk_38 is within size limit: 1892 characters.
2026-10-09 14:50:43,750 | DEBUG    | src.utils.logger | Chunk 02_academic_regulations_chunk_39 is within size limit: 355 characters.
2026-10-09 14:50:43,751 | DEBUG    | src.utils.logger | Chunk 02_academic_regulations_chunk_40 is within size limit: 11 characters.
2026-10-09 14:50:43,751 | DEBUG    | src.utils.logger | Chunk 02_academic_regulations_chunk_41 is within size limit: 1928 characters.
2026-10-09 14:50:43,751 | DEBUG    | src.utils.logger | Chunk 02_academic_regulations_chunk_42 is within size limit: 865 characters.
2026-10-09 14:50:43,751 | DEBUG    | src.utils.logger | Chunk 02_academic_regulations_chunk_43 is within size limit: 334 characters.
2026-10-09 14:50:43,751 | DEBUG    | src.utils.logger | Chunk 02_academic_regulations_chunk_44 is within size limit: 12 characters.
2026-10-09 14:50:43,751 | DEBUG    | src.utils.logger | Chunk 02_academic_regulations_chunk_45 is within size limit: 2002 characters.
2026-10-09 14:50:43,751 | DEBUG    | src.utils.logger | Chunk 03_examination_guidelines_chunk_1 is within size limit: 37 characters.
2026-10-09 14:50:43,751 | DEBUG    | src.utils.logger | Chunk 03_examination_guidelines_chunk_2 is within size limit: 378 characters.
2026-10-09 14:50:43,751 | DEBUG    | src.utils.logger | Chunk 03_examination_guidelines_chunk_3 is within size limit: 343 characters.
2026-10-09 14:50:43,751 | DEBUG    | src.utils.logger | Chunk 03_examination_guidelines_chunk_4 is within size limit: 435 characters.
2026-10-09 14:50:43,751 | DEBUG    | src.utils.logger | Chunk 03_examination_guidelines_chunk_5 is within size limit: 879 characters.
2026-10-09 14:50:43,751 | DEBUG    | src.utils.logger | Chunk 03_examination_guidelines_chunk_6 is within size limit: 653 characters.
2026-10-09 14:50:43,751 | DEBUG    | src.utils.logger | Chunk 03_examination_guidelines_chunk_7 is within size limit: 415 characters.
2026-10-09 14:50:43,751 | DEBUG    | src.utils.logger | Chunk 03_examination_guidelines_chunk_8 is within size limit: 933 characters.
2026-10-09 14:50:43,751 | DEBUG    | src.utils.logger | Chunk 03_examination_guidelines_chunk_9 is within size limit: 463 characters.
2026-10-09 14:50:43,751 | DEBUG    | src.utils.logger | Chunk 03_examination_guidelines_chunk_10 is within size limit: 398 characters.
2026-10-09 14:50:43,751 | DEBUG    | src.utils.logger | Chunk 03_examination_guidelines_chunk_11 is within size limit: 795 characters.
2026-10-09 14:50:43,751 | DEBUG    | src.utils.logger | Chunk 03_examination_guidelines_chunk_12 is within size limit: 493 characters.
2026-10-09 14:50:43,751 | DEBUG    | src.utils.logger | Chunk 03_examination_guidelines_chunk_13 is within size limit: 353 characters.
2026-10-09 14:50:43,751 | DEBUG    | src.utils.logger | Chunk 03_examination_guidelines_chunk_14 is within size limit: 267 characters.
2026-10-09 14:50:43,751 | DEBUG    | src.utils.logger | Chunk 03_examination_guidelines_chunk_15 is within size limit: 245 characters.
2026-10-09 14:50:43,751 | DEBUG    | src.utils.logger | Chunk 04_fee_structure_chunk_1 is within size limit: 37 characters.
2026-10-09 14:50:43,751 | DEBUG    | src.utils.logger | Chunk 04_fee_structure_chunk_2 is within size limit: 371 characters.
2026-10-09 14:50:43,751 | DEBUG    | src.utils.logger | Chunk 04_fee_structure_chunk_3 is within size limit: 296 characters.
2026-10-09 14:50:43,752 | DEBUG    | src.utils.logger | Chunk 04_fee_structure_chunk_4 is within size limit: 425 characters.
2026-10-09 14:50:43,752 | DEBUG    | src.utils.logger | Chunk 04_fee_structure_chunk_5 is within size limit: 919 characters.
2026-10-09 14:50:43,752 | DEBUG    | src.utils.logger | Chunk 04_fee_structure_chunk_6 is within size limit: 614 characters.
2026-10-09 14:50:43,752 | DEBUG    | src.utils.logger | Chunk 04_fee_structure_chunk_7 is within size limit: 955 characters.
2026-10-09 14:50:43,752 | DEBUG    | src.utils.logger | Chunk 04_fee_structure_chunk_8 is within size limit: 880 characters.
2026-10-09 14:50:43,752 | DEBUG    | src.utils.logger | Chunk 04_fee_structure_chunk_9 is within size limit: 534 characters.
2026-10-09 14:50:43,752 | DEBUG    | src.utils.logger | Chunk 04_fee_structure_chunk_10 is within size limit: 575 characters.
2026-10-09 14:50:43,752 | DEBUG    | src.utils.logger | Chunk 04_fee_structure_chunk_11 is within size limit: 972 characters.
2026-10-09 14:50:43,752 | DEBUG    | src.utils.logger | Chunk 04_fee_structure_chunk_12 is within size limit: 246 characters.
2026-10-09 14:50:43,752 | DEBUG    | src.utils.logger | Chunk 04_fee_structure_chunk_13 is within size limit: 451 characters.
2026-10-09 14:50:43,752 | DEBUG    | src.utils.logger | Chunk 04_fee_structure_chunk_14 is within size limit: 357 characters.
2026-10-09 14:50:43,752 | DEBUG    | src.utils.logger | Chunk 05_scholarship_guidelines_chunk_1 is within size limit: 37 characters.
2026-10-09 14:50:43,752 | DEBUG    | src.utils.logger | Chunk 05_scholarship_guidelines_chunk_2 is within size limit: 369 characters.
2026-10-09 14:50:43,752 | DEBUG    | src.utils.logger | Chunk 05_scholarship_guidelines_chunk_3 is within size limit: 322 characters.
2026-10-09 14:50:43,752 | DEBUG    | src.utils.logger | Chunk 05_scholarship_guidelines_chunk_4 is within size limit: 512 characters.
2026-10-09 14:50:43,752 | DEBUG    | src.utils.logger | Chunk 05_scholarship_guidelines_chunk_5 is within size limit: 931 characters.
2026-10-09 14:50:43,752 | DEBUG    | src.utils.logger | Chunk 05_scholarship_guidelines_chunk_6 is within size limit: 1091 characters.
2026-10-09 14:50:43,752 | DEBUG    | src.utils.logger | Chunk 05_scholarship_guidelines_chunk_7 is within size limit: 738 characters.
2026-10-09 14:50:43,752 | DEBUG    | src.utils.logger | Chunk 05_scholarship_guidelines_chunk_8 is within size limit: 629 characters.
2026-10-09 14:50:43,752 | DEBUG    | src.utils.logger | Chunk 05_scholarship_guidelines_chunk_9 is within size limit: 1017 characters.
2026-10-09 14:50:43,752 | DEBUG    | src.utils.logger | Chunk 05_scholarship_guidelines_chunk_10 is within size limit: 776 characters.
2026-10-09 14:50:43,752 | DEBUG    | src.utils.logger | Chunk 05_scholarship_guidelines_chunk_11 is within size limit: 1102 characters.
2026-10-09 14:50:43,752 | DEBUG    | src.utils.logger | Chunk 05_scholarship_guidelines_chunk_12 is within size limit: 432 characters.
2026-10-09 14:50:43,753 | DEBUG    | src.utils.logger | Chunk 05_scholarship_guidelines_chunk_13 is within size limit: 265 characters.
2026-10-09 14:50:43,753 | DEBUG    | src.utils.logger | Chunk 05_scholarship_guidelines_chunk_14 is within size limit: 360 characters.
2026-10-09 14:50:43,757 | INFO     | src.utils.logger | ========== CHUNK REFINEMENT COMPLETED ==========
2026-10-09 14:50:43,757 | INFO     | src.utils.logger | Original chunks     : 102
2026-10-09 14:50:43,757 | INFO     | src.utils.logger | Processed chunks    : 102
2026-10-09 14:50:43,757 | INFO     | src.utils.logger | Skipped chunks      : 0
2026-10-09 14:50:43,757 | INFO     | src.utils.logger | Failed chunks       : 0
2026-10-09 14:50:43,757 | INFO     | src.utils.logger | Oversized chunks    : 0
2026-10-09 14:50:43,757 | INFO     | src.utils.logger | Final chunks        : 102
2026-10-09 14:50:43,757 | INFO     | src.utils.logger | Still oversized     : 0
2026-10-09 14:50:43,757 | INFO     | src.utils.logger | Output file         : D:\RAG\data\chunks\final_chunks.json
2026-10-09 14:50:43,757 | INFO     | src.dcoument_pipeline.pipeline | [3/4] Chunk refinement completed
2026-10-09 14:50:43,758 | INFO     | src.dcoument_pipeline.pipeline | [4/4] Starting embedding and vector indexing
2026-10-09 14:50:43,758 | INFO     | src.utils.logger | Starting vector store build: D:\RAG\data\chunks\final_chunks.json
2026-10-09 14:50:43,758 | INFO     | src.utils.logger | Initializing Ollama embedding model: qwen3-embedding:0.6b
2026-10-09 14:50:44,127 | INFO     | src.utils.logger | Loading chunks from: D:\RAG\data\chunks\final_chunks.json
2026-10-09 14:50:44,144 | INFO     | src.utils.logger | Successfully created 102 LangChain documents.
2026-10-09 14:50:44,145 | INFO     | src.utils.logger | Loaded 102 documents for indexing.
2026-10-09 14:50:44,145 | INFO     | src.utils.logger | Existing vector store found. Loading it.
2026-10-09 14:50:44,145 | INFO     | src.utils.logger | Loading FAISS vector store from: D:\RAG\data\vector_store
2026-10-09 14:50:44,161 | DEBUG    | faiss.loader | Environment variable FAISS_OPT_LEVEL is not set, so let's pick the instruction set according to the current CPU
2026-10-09 14:50:44,161 | INFO     | faiss.loader | Loading faiss with AVX512 support.
2026-10-09 14:50:44,162 | INFO     | faiss.loader | Could not load library with AVX512 support due to:
ModuleNotFoundError("No module named 'faiss.swigfaiss_avx512'")
2026-10-09 14:50:44,162 | INFO     | faiss.loader | Loading faiss with AVX2 support.
2026-10-09 14:50:44,162 | INFO     | faiss.loader | Could not load library with AVX2 support due to:
ModuleNotFoundError("No module named 'faiss.swigfaiss_avx2'")
2026-10-09 14:50:44,162 | INFO     | faiss.loader | Loading faiss.
2026-10-09 14:50:44,200 | INFO     | faiss.loader | Successfully loaded faiss.
2026-10-09 14:50:44,213 | INFO     | src.utils.logger | FAISS vector store loaded successfully.
2026-10-09 14:50:44,215 | DEBUG    | httpcore.connection | connect_tcp.started host='127.0.0.1' port=11434 local_address=None timeout=None socket_options=None
2026-10-09 14:50:44,216 | DEBUG    | httpcore.connection | connect_tcp.complete return_value=<httpcore._backends.sync.SyncStream object at 0x000001CED41E9F70>
2026-10-09 14:50:44,216 | DEBUG    | httpcore.http11 | send_request_headers.started request=<Request [b'POST']>
2026-10-09 14:50:44,217 | DEBUG    | httpcore.http11 | send_request_headers.complete
2026-10-09 14:50:44,217 | DEBUG    | httpcore.http11 | send_request_body.started request=<Request [b'POST']>
2026-10-09 14:50:44,217 | DEBUG    | httpcore.http11 | send_request_body.complete
2026-10-09 14:50:44,217 | DEBUG    | httpcore.http11 | receive_response_headers.started request=<Request [b'POST']>
2026-10-09 14:51:02,567 | DEBUG    | httpcore.http11 | receive_response_headers.complete return_value=(b'HTTP/1.1', 200, b'OK', [(b'Content-Type', b'application/json; charset=utf-8'), (b'Date', b'Fri, 09 Oct 2026 09:21:02 GMT'), (b'Transfer-Encoding', b'chunked')])
2026-10-09 14:51:02,568 | INFO     | httpx | HTTP Request: POST http://127.0.0.1:11434/api/embed "HTTP/1.1 200 OK"
2026-10-09 14:51:02,568 | DEBUG    | httpcore.http11 | receive_response_body.started request=<Request [b'POST']>
2026-10-09 14:51:02,570 | DEBUG    | httpcore.http11 | receive_response_body.complete
2026-10-09 14:51:02,570 | DEBUG    | httpcore.http11 | response_closed.started
2026-10-09 14:51:02,570 | DEBUG    | httpcore.http11 | response_closed.complete
2026-10-09 14:51:02,590 | INFO     | src.utils.logger | Added 102 documents to the existing vector store.
2026-10-09 14:51:02,595 | INFO     | src.utils.logger | Vector store saved successfully: D:\RAG\data\vector_store
2026-10-09 14:51:02,595 | INFO     | src.utils.logger | Vector store saved successfully.
2026-10-09 14:51:02,596 | INFO     | src.dcoument_pipeline.pipeline | [4/4] Embedding and vector indexing completed
2026-10-09 14:51:02,597 | INFO     | src.dcoument_pipeline.pipeline | Document pipeline completed successfully
2026-10-09 14:51:02,599 | INFO     | src.utils.logger | Initializing Ollama embedding model: qwen3-embedding:0.6b
2026-10-09 14:51:02,966 | INFO     | src.utils.logger | Loading FAISS vector store from: D:\RAG\data\vector_store
2026-10-09 14:51:03,012 | INFO     | src.utils.logger | FAISS vector store loaded successfully.
2026-10-09 14:51:03,012 | INFO     | src.utils.logger | Initializing RAGAgent.
2026-10-09 14:51:03,199 | INFO     | src.utils.logger | OllamaChatClient initialized with model_id: qwen2.5:3b
2026-10-09 14:51:03,199 | INFO     | src.utils.logger | Initializing Ollama embedding model: qwen3-embedding:0.6b
2026-10-09 14:51:03,649 | INFO     | src.utils.logger | Embedding model initialized successfully.
2026-10-09 14:51:03,649 | INFO     | src.utils.logger | Loading FAISS vector store from: D:\RAG\data\vector_store
2026-10-09 14:51:03,652 | INFO     | src.utils.logger | FAISS vector store loaded successfully.
2026-10-09 14:51:03,652 | INFO     | src.utils.logger | FAISS vector store loaded from: D:\RAG\data\vector_store
2026-10-09 14:51:03,708 | INFO     | src.utils.logger | RAGAgent initialized successfully.
2026-10-09 14:52:29,775 | DEBUG    | asyncio | Using proactor: IocpProactor
2026-10-09 14:52:29,779 | INFO     | src.utils.logger | Processing RAG query: What rules must students follow?
2026-10-09 14:52:29,780 | INFO     | src.utils.logger | Running retrieval query: What rules must students follow?
2026-10-09 14:52:29,814 | DEBUG    | httpcore.connection | connect_tcp.started host='127.0.0.1' port=11434 local_address=None timeout=None socket_options=None
2026-10-09 14:52:29,816 | DEBUG    | httpcore.connection | connect_tcp.complete return_value=<httpcore._backends.sync.SyncStream object at 0x000001CEB7827050>
2026-10-09 14:52:29,816 | DEBUG    | httpcore.http11 | send_request_headers.started request=<Request [b'POST']>
2026-10-09 14:52:29,816 | DEBUG    | httpcore.http11 | send_request_headers.complete
2026-10-09 14:52:29,816 | DEBUG    | httpcore.http11 | send_request_body.started request=<Request [b'POST']>
2026-10-09 14:52:29,816 | DEBUG    | httpcore.http11 | send_request_body.complete
2026-10-09 14:52:29,816 | DEBUG    | httpcore.http11 | receive_response_headers.started request=<Request [b'POST']>
2026-10-09 14:52:31,152 | DEBUG    | httpcore.http11 | receive_response_headers.complete return_value=(b'HTTP/1.1', 200, b'OK', [(b'Content-Type', b'application/json; charset=utf-8'), (b'Date', b'Fri, 09 Oct 2026 09:22:31 GMT'), (b'Transfer-Encoding', b'chunked')])
2026-10-09 14:52:31,152 | INFO     | httpx | HTTP Request: POST http://127.0.0.1:11434/api/embed "HTTP/1.1 200 OK"
2026-10-09 14:52:31,152 | DEBUG    | httpcore.http11 | receive_response_body.started request=<Request [b'POST']>
2026-10-09 14:52:31,153 | DEBUG    | httpcore.http11 | receive_response_body.complete
2026-10-09 14:52:31,153 | DEBUG    | httpcore.http11 | response_closed.started
2026-10-09 14:52:31,153 | DEBUG    | httpcore.http11 | response_closed.complete
2026-10-09 14:52:31,168 | INFO     | src.utils.logger | Retrieved 3 documents.
2026-10-09 14:52:31,168 | INFO     | src.utils.logger | Retrieved 3 documents for the query.
2026-10-09 14:52:31,176 | DEBUG    | httpcore.connection | connect_tcp.started host='127.0.0.1' port=11434 local_address=None timeout=None socket_options=None
2026-10-09 14:52:31,178 | DEBUG    | httpcore.connection | connect_tcp.complete return_value=<httpcore._backends.anyio.AnyIOStream object at 0x000001CEB74BF050>
2026-10-09 14:52:31,178 | DEBUG    | httpcore.http11 | send_request_headers.started request=<Request [b'POST']>
2026-10-09 14:52:31,179 | DEBUG    | httpcore.http11 | send_request_headers.complete
2026-10-09 14:52:31,179 | DEBUG    | httpcore.http11 | send_request_body.started request=<Request [b'POST']>
2026-10-09 14:52:31,180 | DEBUG    | httpcore.http11 | send_request_body.complete
2026-10-09 14:52:31,180 | DEBUG    | httpcore.http11 | receive_response_headers.started request=<Request [b'POST']>
2026-10-09 14:52:38,387 | DEBUG    | httpcore.http11 | receive_response_headers.complete return_value=(b'HTTP/1.1', 200, b'OK', [(b'Content-Type', b'application/json; charset=utf-8'), (b'Date', b'Fri, 09 Oct 2026 09:22:38 GMT'), (b'Content-Length', b'1395')])
2026-10-09 14:52:38,387 | INFO     | httpx | HTTP Request: POST http://127.0.0.1:11434/api/chat "HTTP/1.1 200 OK"
2026-10-09 14:52:38,387 | DEBUG    | httpcore.http11 | receive_response_body.started request=<Request [b'POST']>
2026-10-09 14:52:38,387 | DEBUG    | httpcore.http11 | receive_response_body.complete
2026-10-09 14:52:38,388 | DEBUG    | httpcore.http11 | response_closed.started
2026-10-09 14:52:38,388 | DEBUG    | httpcore.http11 | response_closed.complete
2026-10-09 14:52:38,389 | DEBUG    | src.utils.logger | Raw model response: {
    "answer": "Students must maintain accurate enrollment information, meet academic deadlines, attend required learning activities, comply with published examination procedures, maintain an active student account, keep contact details current, read official notices and course communications within a reasonable period, submit work through the designated academic system before stated deadlines, respect the learning environment, staff, visitors, and other students, protect passwords, access cards, and other credentials assigned to the student, report suspected safety incidents or serious policy violations through the appropriate channel, and seek clarification early when a rule or deadline is unclear. Requests for exceptions should be supported by relevant evidence and submitted through the prescribed process.",
    "sources": [
        "01_student_handbook.pdf, 2. Student Responsibilities, 1",
        "01_student_handbook.pdf, 2. Student Responsibilities, 2",
        "01_student_handbook.pdf, 2. Student Responsibilities, 3"
    ]
}
2026-10-09 14:52:38,389 | WARNING  | src.utils.logger | Ignoring an unrecognized or duplicate source: 01_student_handbook.pdf, 2. Student Responsibilities, 1
2026-10-09 14:52:38,390 | WARNING  | src.utils.logger | Ignoring an unrecognized or duplicate source: 01_student_handbook.pdf, 2. Student Responsibilities, 2
2026-10-09 14:52:38,390 | WARNING  | src.utils.logger | Ignoring an unrecognized or duplicate source: 01_student_handbook.pdf, 2. Student Responsibilities, 3
2026-10-09 14:52:38,390 | INFO     | src.utils.logger | RAG response generated successfully.
2026-10-09 14:53:22,405 | INFO     | src.utils.logger | Processing RAG query: what did i asked you before
2026-10-09 14:53:22,405 | INFO     | src.utils.logger | Running retrieval query: what did i asked you before
2026-10-09 14:53:22,406 | DEBUG    | httpcore.connection | close.started
2026-10-09 14:53:22,407 | DEBUG    | httpcore.connection | close.complete
2026-10-09 14:53:22,407 | DEBUG    | httpcore.connection | connect_tcp.started host='127.0.0.1' port=11434 local_address=None timeout=None socket_options=None
2026-10-09 14:53:22,408 | DEBUG    | httpcore.connection | connect_tcp.complete return_value=<httpcore._backends.sync.SyncStream object at 0x000001CEB77180E0>
2026-10-09 14:53:22,408 | DEBUG    | httpcore.http11 | send_request_headers.started request=<Request [b'POST']>
2026-10-09 14:53:22,409 | DEBUG    | httpcore.http11 | send_request_headers.complete
2026-10-09 14:53:22,409 | DEBUG    | httpcore.http11 | send_request_body.started request=<Request [b'POST']>
2026-10-09 14:53:22,410 | DEBUG    | httpcore.http11 | send_request_body.complete
2026-10-09 14:53:22,410 | DEBUG    | httpcore.http11 | receive_response_headers.started request=<Request [b'POST']>
2026-10-09 14:53:23,751 | DEBUG    | httpcore.http11 | receive_response_headers.complete return_value=(b'HTTP/1.1', 200, b'OK', [(b'Content-Type', b'application/json; charset=utf-8'), (b'Date', b'Fri, 09 Oct 2026 09:23:23 GMT'), (b'Transfer-Encoding', b'chunked')])
2026-10-09 14:53:23,752 | INFO     | httpx | HTTP Request: POST http://127.0.0.1:11434/api/embed "HTTP/1.1 200 OK"
2026-10-09 14:53:23,752 | DEBUG    | httpcore.http11 | receive_response_body.started request=<Request [b'POST']>
2026-10-09 14:53:23,752 | DEBUG    | httpcore.http11 | receive_response_body.complete
2026-10-09 14:53:23,752 | DEBUG    | httpcore.http11 | response_closed.started
2026-10-09 14:53:23,752 | DEBUG    | httpcore.http11 | response_closed.complete
2026-10-09 14:53:23,753 | INFO     | src.utils.logger | Retrieved 3 documents.
2026-10-09 14:53:23,753 | INFO     | src.utils.logger | Retrieved 3 documents for the query.
2026-10-09 14:53:23,754 | DEBUG    | httpcore.connection | close.started
2026-10-09 14:53:23,755 | DEBUG    | httpcore.connection | close.complete
2026-10-09 14:53:23,755 | DEBUG    | httpcore.connection | connect_tcp.started host='127.0.0.1' port=11434 local_address=None timeout=None socket_options=None
2026-10-09 14:53:23,756 | DEBUG    | httpcore.connection | connect_tcp.complete return_value=<httpcore._backends.anyio.AnyIOStream object at 0x000001CF4A7BFFE0>
2026-10-09 14:53:23,756 | DEBUG    | httpcore.http11 | send_request_headers.started request=<Request [b'POST']>
2026-10-09 14:53:23,757 | DEBUG    | httpcore.http11 | send_request_headers.complete
2026-10-09 14:53:23,757 | DEBUG    | httpcore.http11 | send_request_body.started request=<Request [b'POST']>
2026-10-09 14:53:23,757 | DEBUG    | httpcore.http11 | send_request_body.complete
2026-10-09 14:53:23,757 | DEBUG    | httpcore.http11 | receive_response_headers.started request=<Request [b'POST']>
2026-10-09 14:53:24,394 | DEBUG    | httpcore.http11 | receive_response_headers.complete return_value=(b'HTTP/1.1', 200, b'OK', [(b'Content-Type', b'application/json; charset=utf-8'), (b'Date', b'Fri, 09 Oct 2026 09:23:24 GMT'), (b'Content-Length', b'431')])
2026-10-09 14:53:24,395 | INFO     | httpx | HTTP Request: POST http://127.0.0.1:11434/api/chat "HTTP/1.1 200 OK"
2026-10-09 14:53:24,395 | DEBUG    | httpcore.http11 | receive_response_body.started request=<Request [b'POST']>
2026-10-09 14:53:24,395 | DEBUG    | httpcore.http11 | receive_response_body.complete
2026-10-09 14:53:24,395 | DEBUG    | httpcore.http11 | response_closed.started
2026-10-09 14:53:24,396 | DEBUG    | httpcore.http11 | response_closed.complete
2026-10-09 14:53:24,396 | DEBUG    | src.utils.logger | Raw model response: {
    "answer": "I don't have enough information in the provided documents.",
    "sources": []
}
2026-10-09 14:53:24,397 | INFO     | src.utils.logger | RAG response generated successfully.
2026-10-09 14:53:53,207 | INFO     | src.utils.logger | Processing RAG query: my name is balaji im a student what rules i must follow
2026-10-09 14:53:53,208 | INFO     | src.utils.logger | Running retrieval query: my name is balaji im a student what rules i must follow
2026-10-09 14:53:53,209 | DEBUG    | httpcore.connection | close.started
2026-10-09 14:53:53,209 | DEBUG    | httpcore.connection | close.complete
2026-10-09 14:53:53,210 | DEBUG    | httpcore.connection | connect_tcp.started host='127.0.0.1' port=11434 local_address=None timeout=None socket_options=None
2026-10-09 14:53:53,211 | DEBUG    | httpcore.connection | connect_tcp.complete return_value=<httpcore._backends.sync.SyncStream object at 0x000001CEB7719610>
2026-10-09 14:53:53,211 | DEBUG    | httpcore.http11 | send_request_headers.started request=<Request [b'POST']>
2026-10-09 14:53:53,212 | DEBUG    | httpcore.http11 | send_request_headers.complete
2026-10-09 14:53:53,212 | DEBUG    | httpcore.http11 | send_request_body.started request=<Request [b'POST']>
2026-10-09 14:53:53,212 | DEBUG    | httpcore.http11 | send_request_body.complete
2026-10-09 14:53:53,212 | DEBUG    | httpcore.http11 | receive_response_headers.started request=<Request [b'POST']>
2026-10-09 14:53:54,556 | DEBUG    | httpcore.http11 | receive_response_headers.complete return_value=(b'HTTP/1.1', 200, b'OK', [(b'Content-Type', b'application/json; charset=utf-8'), (b'Date', b'Fri, 09 Oct 2026 09:23:54 GMT'), (b'Transfer-Encoding', b'chunked')])
2026-10-09 14:53:54,556 | INFO     | httpx | HTTP Request: POST http://127.0.0.1:11434/api/embed "HTTP/1.1 200 OK"
2026-10-09 14:53:54,556 | DEBUG    | httpcore.http11 | receive_response_body.started request=<Request [b'POST']>
2026-10-09 14:53:54,557 | DEBUG    | httpcore.http11 | receive_response_body.complete
2026-10-09 14:53:54,557 | DEBUG    | httpcore.http11 | response_closed.started
2026-10-09 14:53:54,557 | DEBUG    | httpcore.http11 | response_closed.complete
2026-10-09 14:53:54,558 | INFO     | src.utils.logger | Retrieved 3 documents.
2026-10-09 14:53:54,558 | INFO     | src.utils.logger | Retrieved 3 documents for the query.
2026-10-09 14:53:54,559 | DEBUG    | httpcore.connection | close.started
2026-10-09 14:53:54,560 | DEBUG    | httpcore.connection | close.complete
2026-10-09 14:53:54,560 | DEBUG    | httpcore.connection | connect_tcp.started host='127.0.0.1' port=11434 local_address=None timeout=None socket_options=None
2026-10-09 14:53:54,561 | DEBUG    | httpcore.connection | connect_tcp.complete return_value=<httpcore._backends.anyio.AnyIOStream object at 0x000001CEB7722F00>
2026-10-09 14:53:54,561 | DEBUG    | httpcore.http11 | send_request_headers.started request=<Request [b'POST']>
2026-10-09 14:53:54,562 | DEBUG    | httpcore.http11 | send_request_headers.complete
2026-10-09 14:53:54,562 | DEBUG    | httpcore.http11 | send_request_body.started request=<Request [b'POST']>
2026-10-09 14:53:54,562 | DEBUG    | httpcore.http11 | send_request_body.complete
2026-10-09 14:53:54,562 | DEBUG    | httpcore.http11 | receive_response_headers.started request=<Request [b'POST']>
2026-10-09 14:53:56,810 | DEBUG    | httpcore.http11 | receive_response_headers.complete return_value=(b'HTTP/1.1', 200, b'OK', [(b'Content-Type', b'application/json; charset=utf-8'), (b'Date', b'Fri, 09 Oct 2026 09:23:56 GMT'), (b'Content-Length', b'840')])
2026-10-09 14:53:56,811 | INFO     | httpx | HTTP Request: POST http://127.0.0.1:11434/api/chat "HTTP/1.1 200 OK"
2026-10-09 14:53:56,811 | DEBUG    | httpcore.http11 | receive_response_body.started request=<Request [b'POST']>
2026-10-09 14:53:56,811 | DEBUG    | httpcore.http11 | receive_response_body.complete
2026-10-09 14:53:56,812 | DEBUG    | httpcore.http11 | response_closed.started
2026-10-09 14:53:56,812 | DEBUG    | httpcore.http11 | response_closed.complete
2026-10-09 14:53:56,812 | DEBUG    | src.utils.logger | Raw model response: {
    "answer": "You must follow the rules outlined in the Student Handbook, which includes maintaining accurate enrollment information, attending required learning activities, and complying with academic deadlines. Additionally, you should respect the learning environment, report suspected safety incidents or serious policy violations, and protect passwords and credentials. For specific details, refer to the Student Handbook document.",
    "sources": [
        "01_student_handbook.pdf"
    ]
}
2026-10-09 14:53:56,812 | INFO     | src.utils.logger | RAG response generated successfully.
2026-10-09 14:54:08,321 | INFO     | src.utils.logger | Processing RAG query: who am i
2026-10-09 14:54:08,321 | INFO     | src.utils.logger | Running retrieval query: who am i
2026-10-09 14:54:08,322 | DEBUG    | httpcore.connection | close.started
2026-10-09 14:54:08,323 | DEBUG    | httpcore.connection | close.complete
2026-10-09 14:54:08,323 | DEBUG    | httpcore.connection | connect_tcp.started host='127.0.0.1' port=11434 local_address=None timeout=None socket_options=None
2026-10-09 14:54:08,324 | DEBUG    | httpcore.connection | connect_tcp.complete return_value=<httpcore._backends.sync.SyncStream object at 0x000001CEB771AAE0>
2026-10-09 14:54:08,324 | DEBUG    | httpcore.http11 | send_request_headers.started request=<Request [b'POST']>
2026-10-09 14:54:08,324 | DEBUG    | httpcore.http11 | send_request_headers.complete
2026-10-09 14:54:08,325 | DEBUG    | httpcore.http11 | send_request_body.started request=<Request [b'POST']>
2026-10-09 14:54:08,325 | DEBUG    | httpcore.http11 | send_request_body.complete
2026-10-09 14:54:08,325 | DEBUG    | httpcore.http11 | receive_response_headers.started request=<Request [b'POST']>
2026-10-09 14:54:08,411 | DEBUG    | httpcore.http11 | receive_response_headers.complete return_value=(b'HTTP/1.1', 200, b'OK', [(b'Content-Type', b'application/json; charset=utf-8'), (b'Date', b'Fri, 09 Oct 2026 09:24:08 GMT'), (b'Transfer-Encoding', b'chunked')])
2026-10-09 14:54:08,411 | INFO     | httpx | HTTP Request: POST http://127.0.0.1:11434/api/embed "HTTP/1.1 200 OK"
2026-10-09 14:54:08,411 | DEBUG    | httpcore.http11 | receive_response_body.started request=<Request [b'POST']>
2026-10-09 14:54:08,411 | DEBUG    | httpcore.http11 | receive_response_body.complete
2026-10-09 14:54:08,411 | DEBUG    | httpcore.http11 | response_closed.started
2026-10-09 14:54:08,411 | DEBUG    | httpcore.http11 | response_closed.complete
2026-10-09 14:54:08,413 | INFO     | src.utils.logger | Retrieved 3 documents.
2026-10-09 14:54:08,413 | INFO     | src.utils.logger | Retrieved 3 documents for the query.
2026-10-09 14:54:08,414 | DEBUG    | httpcore.connection | close.started
2026-10-09 14:54:08,415 | DEBUG    | httpcore.connection | close.complete
2026-10-09 14:54:08,415 | DEBUG    | httpcore.connection | connect_tcp.started host='127.0.0.1' port=11434 local_address=None timeout=None socket_options=None
2026-10-09 14:54:08,416 | DEBUG    | httpcore.connection | connect_tcp.complete return_value=<httpcore._backends.anyio.AnyIOStream object at 0x000001CEB7719DC0>
2026-10-09 14:54:08,417 | DEBUG    | httpcore.http11 | send_request_headers.started request=<Request [b'POST']>
2026-10-09 14:54:08,417 | DEBUG    | httpcore.http11 | send_request_headers.complete
2026-10-09 14:54:08,417 | DEBUG    | httpcore.http11 | send_request_body.started request=<Request [b'POST']>
2026-10-09 14:54:08,418 | DEBUG    | httpcore.http11 | send_request_body.complete
2026-10-09 14:54:08,418 | DEBUG    | httpcore.http11 | receive_response_headers.started request=<Request [b'POST']>
2026-10-09 14:54:08,949 | DEBUG    | httpcore.http11 | receive_response_headers.complete return_value=(b'HTTP/1.1', 200, b'OK', [(b'Content-Type', b'application/json; charset=utf-8'), (b'Date', b'Fri, 09 Oct 2026 09:24:08 GMT'), (b'Content-Length', b'430')])
2026-10-09 14:54:08,950 | INFO     | httpx | HTTP Request: POST http://127.0.0.1:11434/api/chat "HTTP/1.1 200 OK"
2026-10-09 14:54:08,950 | DEBUG    | httpcore.http11 | receive_response_body.started request=<Request [b'POST']>
2026-10-09 14:54:08,950 | DEBUG    | httpcore.http11 | receive_response_body.complete
2026-10-09 14:54:08,950 | DEBUG    | httpcore.http11 | response_closed.started
2026-10-09 14:54:08,950 | DEBUG    | httpcore.http11 | response_closed.complete
2026-10-09 14:54:08,952 | DEBUG    | src.utils.logger | Raw model response: {
    "answer": "I don't have enough information in the provided documents",
    "sources": []
}
2026-10-09 14:54:08,952 | INFO     | src.utils.logger | RAG response generated successfully.
2026-10-09 14:59:00,671 | DEBUG    | httpcore.connection | close.started
2026-10-09 14:59:00,674 | DEBUG    | httpcore.connection | close.complete
2026-10-09 14:59:07,973 | DEBUG    | asyncio | Using proactor: IocpProactor
2026-10-09 14:59:07,990 | DEBUG    | asyncio | Using proactor: IocpProactor
2026-10-09 14:59:08,019 | DEBUG    | asyncio | Using proactor: IocpProactor
2026-10-09 15:03:28,956 | DEBUG    | asyncio | Using proactor: IocpProactor
2026-10-09 15:03:29,984 | DEBUG    | asyncio | Using proactor: IocpProactor
2026-10-09 15:03:29,999 | DEBUG    | asyncio | Using proactor: IocpProactor
2026-10-09 15:03:30,015 | DEBUG    | asyncio | Using proactor: IocpProactor
2026-10-09 15:03:30,030 | DEBUG    | asyncio | Using proactor: IocpProactor
2026-10-09 15:03:30,046 | DEBUG    | asyncio | Using proactor: IocpProactor
2026-10-09 15:03:30,063 | DEBUG    | asyncio | Using proactor: IocpProactor
2026-10-09 15:03:30,949 | DEBUG    | asyncio | Using proactor: IocpProactor
2026-10-09 15:05:02,977 | DEBUG    | asyncio | Using proactor: IocpProactor
2026-10-09 15:05:03,002 | DEBUG    | asyncio | Using proactor: IocpProactor
2026-10-09 15:05:47,296 | INFO     | src.utils.logger | Initializing RAGAgent.
2026-10-09 15:05:47,635 | INFO     | src.utils.logger | OllamaChatClient initialized with model_id: qwen2.5:3b
2026-10-09 15:05:47,636 | INFO     | src.utils.logger | Initializing Ollama embedding model: qwen3-embedding:0.6b
2026-10-09 15:05:48,320 | INFO     | src.utils.logger | Embedding model initialized successfully.
2026-10-09 15:05:48,321 | INFO     | src.utils.logger | Loading FAISS vector store from: D:\RAG\data\vector_store
2026-10-09 15:05:48,327 | DEBUG    | faiss.loader | Environment variable FAISS_OPT_LEVEL is not set, so let's pick the instruction set according to the current CPU
2026-10-09 15:05:48,327 | INFO     | faiss.loader | Loading faiss with AVX512 support.
2026-10-09 15:05:48,327 | INFO     | faiss.loader | Could not load library with AVX512 support due to:
ModuleNotFoundError("No module named 'faiss.swigfaiss_avx512'")
2026-10-09 15:05:48,328 | INFO     | faiss.loader | Loading faiss with AVX2 support.
2026-10-09 15:05:48,328 | INFO     | faiss.loader | Could not load library with AVX2 support due to:
ModuleNotFoundError("No module named 'faiss.swigfaiss_avx2'")
2026-10-09 15:05:48,328 | INFO     | faiss.loader | Loading faiss.
2026-10-09 15:05:48,778 | INFO     | faiss.loader | Successfully loaded faiss.
2026-10-09 15:05:48,793 | INFO     | src.utils.logger | FAISS vector store loaded successfully.
2026-10-09 15:05:48,794 | INFO     | src.utils.logger | FAISS vector store loaded from: D:\RAG\data\vector_store
2026-10-09 15:05:48,841 | INFO     | src.utils.logger | RAGAgent initialized successfully.
2026-10-09 15:05:48,842 | DEBUG    | asyncio | Using proactor: IocpProactor
2026-10-09 15:07:18,964 | DEBUG    | asyncio | Using proactor: IocpProactor
2026-10-09 15:07:18,984 | DEBUG    | asyncio | Using proactor: IocpProactor
2026-10-09 15:07:19,966 | DEBUG    | asyncio | Using proactor: IocpProactor
2026-10-09 15:08:08,171 | INFO     | src.utils.logger | Initializing RAGAgent.
2026-10-09 15:08:08,522 | INFO     | src.utils.logger | OllamaChatClient initialized with model_id: qwen2.5:3b
2026-10-09 15:08:08,523 | INFO     | src.utils.logger | Initializing Ollama embedding model: qwen3-embedding:0.6b
2026-10-09 15:08:09,194 | INFO     | src.utils.logger | Embedding model initialized successfully.
2026-10-09 15:08:09,194 | INFO     | src.utils.logger | Loading FAISS vector store from: D:\RAG\data\vector_store
2026-10-09 15:08:09,199 | DEBUG    | faiss.loader | Environment variable FAISS_OPT_LEVEL is not set, so let's pick the instruction set according to the current CPU
2026-10-09 15:08:09,199 | INFO     | faiss.loader | Loading faiss with AVX512 support.
2026-10-09 15:08:09,200 | INFO     | faiss.loader | Could not load library with AVX512 support due to:
ModuleNotFoundError("No module named 'faiss.swigfaiss_avx512'")
2026-10-09 15:08:09,200 | INFO     | faiss.loader | Loading faiss with AVX2 support.
2026-10-09 15:08:09,200 | INFO     | faiss.loader | Could not load library with AVX2 support due to:
ModuleNotFoundError("No module named 'faiss.swigfaiss_avx2'")
2026-10-09 15:08:09,200 | INFO     | faiss.loader | Loading faiss.
2026-10-09 15:08:09,659 | INFO     | faiss.loader | Successfully loaded faiss.
2026-10-09 15:08:09,671 | INFO     | src.utils.logger | FAISS vector store loaded successfully.
2026-10-09 15:08:09,672 | INFO     | src.utils.logger | FAISS vector store loaded from: D:\RAG\data\vector_store
2026-10-09 15:08:09,709 | INFO     | src.utils.logger | RAGAgent initialized successfully.
2026-10-09 15:08:09,710 | DEBUG    | asyncio | Using proactor: IocpProactor
2026-10-09 15:10:14,202 | INFO     | src.utils.logger | Initializing RAGAgent.
2026-10-09 15:10:14,524 | INFO     | src.utils.logger | OllamaChatClient initialized with model_id: qwen2.5:3b
2026-10-09 15:10:14,524 | INFO     | src.utils.logger | Initializing Ollama embedding model: qwen3-embedding:0.6b
2026-10-09 15:10:15,182 | INFO     | src.utils.logger | Embedding model initialized successfully.
2026-10-09 15:10:15,183 | INFO     | src.utils.logger | Loading FAISS vector store from: D:\RAG\data\vector_store
2026-10-09 15:10:15,188 | DEBUG    | faiss.loader | Environment variable FAISS_OPT_LEVEL is not set, so let's pick the instruction set according to the current CPU
2026-10-09 15:10:15,188 | INFO     | faiss.loader | Loading faiss with AVX512 support.
2026-10-09 15:10:15,189 | INFO     | faiss.loader | Could not load library with AVX512 support due to:
ModuleNotFoundError("No module named 'faiss.swigfaiss_avx512'")
2026-10-09 15:10:15,189 | INFO     | faiss.loader | Loading faiss with AVX2 support.
2026-10-09 15:10:15,189 | INFO     | faiss.loader | Could not load library with AVX2 support due to:
ModuleNotFoundError("No module named 'faiss.swigfaiss_avx2'")
2026-10-09 15:10:15,189 | INFO     | faiss.loader | Loading faiss.
2026-10-09 15:10:15,228 | INFO     | faiss.loader | Successfully loaded faiss.
2026-10-09 15:10:15,245 | INFO     | src.utils.logger | FAISS vector store loaded successfully.
2026-10-09 15:10:15,245 | INFO     | src.utils.logger | FAISS vector store loaded from: D:\RAG\data\vector_store
2026-10-09 15:10:15,295 | INFO     | src.utils.logger | RAGAgent initialized successfully.
2026-10-09 15:10:15,299 | DEBUG    | asyncio | Using proactor: IocpProactor
2026-10-09 15:10:15,304 | INFO     | src.utils.logger | Processing RAG query: hi, im balaji tadisetty and i am student please tell me what rules i must follow
2026-10-09 15:10:15,304 | INFO     | src.utils.logger | Running retrieval query: hi, im balaji tadisetty and i am student please tell me what rules i must follow
2026-10-09 15:10:15,330 | DEBUG    | httpcore.connection | connect_tcp.started host='127.0.0.1' port=11434 local_address=None timeout=None socket_options=None
2026-10-09 15:10:15,331 | DEBUG    | httpcore.connection | connect_tcp.complete return_value=<httpcore._backends.sync.SyncStream object at 0x00000173DB1736E0>
2026-10-09 15:10:15,332 | DEBUG    | httpcore.http11 | send_request_headers.started request=<Request [b'POST']>
2026-10-09 15:10:15,332 | DEBUG    | httpcore.http11 | send_request_headers.complete
2026-10-09 15:10:15,333 | DEBUG    | httpcore.http11 | send_request_body.started request=<Request [b'POST']>
2026-10-09 15:10:15,333 | DEBUG    | httpcore.http11 | send_request_body.complete
2026-10-09 15:10:15,333 | DEBUG    | httpcore.http11 | receive_response_headers.started request=<Request [b'POST']>
2026-10-09 15:10:19,666 | DEBUG    | httpcore.http11 | receive_response_headers.complete return_value=(b'HTTP/1.1', 200, b'OK', [(b'Content-Type', b'application/json; charset=utf-8'), (b'Date', b'Fri, 09 Oct 2026 09:40:19 GMT'), (b'Transfer-Encoding', b'chunked')])
2026-10-09 15:10:19,667 | INFO     | httpx | HTTP Request: POST http://127.0.0.1:11434/api/embed "HTTP/1.1 200 OK"
2026-10-09 15:10:19,667 | DEBUG    | httpcore.http11 | receive_response_body.started request=<Request [b'POST']>
2026-10-09 15:10:19,668 | DEBUG    | httpcore.http11 | receive_response_body.complete
2026-10-09 15:10:19,668 | DEBUG    | httpcore.http11 | response_closed.started
2026-10-09 15:10:19,668 | DEBUG    | httpcore.http11 | response_closed.complete
2026-10-09 15:10:19,669 | INFO     | src.utils.logger | Retrieved 3 documents.
2026-10-09 15:10:19,669 | INFO     | src.utils.logger | Retrieved 3 documents for the query.
2026-10-09 15:10:19,676 | DEBUG    | httpcore.connection | connect_tcp.started host='127.0.0.1' port=11434 local_address=None timeout=None socket_options=None
2026-10-09 15:10:19,678 | DEBUG    | httpcore.connection | connect_tcp.complete return_value=<httpcore._backends.anyio.AnyIOStream object at 0x00000173DB12B350>
2026-10-09 15:10:19,678 | DEBUG    | httpcore.http11 | send_request_headers.started request=<Request [b'POST']>
2026-10-09 15:10:19,678 | DEBUG    | httpcore.http11 | send_request_headers.complete
2026-10-09 15:10:19,679 | DEBUG    | httpcore.http11 | send_request_body.started request=<Request [b'POST']>
2026-10-09 15:10:19,679 | DEBUG    | httpcore.http11 | send_request_body.complete
2026-10-09 15:10:19,679 | DEBUG    | httpcore.http11 | receive_response_headers.started request=<Request [b'POST']>
2026-10-09 15:10:25,297 | DEBUG    | httpcore.http11 | receive_response_headers.complete return_value=(b'HTTP/1.1', 200, b'OK', [(b'Content-Type', b'application/json; charset=utf-8'), (b'Date', b'Fri, 09 Oct 2026 09:40:25 GMT'), (b'Content-Length', b'1316')])
2026-10-09 15:10:25,298 | INFO     | httpx | HTTP Request: POST http://127.0.0.1:11434/api/chat "HTTP/1.1 200 OK"
2026-10-09 15:10:25,298 | DEBUG    | httpcore.http11 | receive_response_body.started request=<Request [b'POST']>
2026-10-09 15:10:25,298 | DEBUG    | httpcore.http11 | receive_response_body.complete
2026-10-09 15:10:25,298 | DEBUG    | httpcore.http11 | response_closed.started
2026-10-09 15:10:25,299 | DEBUG    | httpcore.http11 | response_closed.complete
2026-10-09 15:10:25,300 | DEBUG    | src.utils.logger | Raw model response: {
    "answer": "Students must follow the rules mentioned in Document 1 and Document 2, which include maintaining accurate enrollment information, meeting academic deadlines, attending required learning activities, complying with published examination procedures, maintaining an active student account, reading official notices, submitting work on time, respecting the learning environment, protecting credentials, reporting safety incidents, seeking clarification when rules or deadlines are unclear, and requesting exceptions through the prescribed process. Additionally, students must follow the instructions for examination conduct as outlined in Document 3, which include not accessing unauthorized materials, not copying work, not obtaining advance access to content, not impersonating another student, and not removing examination materials unless instructed.",
    "sources": ["01_student_handbook.pdf", "01_student_handbook.pdf", "03_examination_guidelines.pdf"]
}
2026-10-09 15:10:25,301 | WARNING  | src.utils.logger | Ignoring an unrecognized or duplicate source: 01_student_handbook.pdf
2026-10-09 15:10:25,301 | INFO     | src.utils.logger | RAG response generated successfully.
2026-10-09 15:10:36,937 | INFO     | src.utils.logger | Processing RAG query: what is my name
2026-10-09 15:10:36,937 | INFO     | src.utils.logger | Running retrieval query: what is my name
2026-10-09 15:10:36,938 | DEBUG    | httpcore.connection | close.started
2026-10-09 15:10:36,939 | DEBUG    | httpcore.connection | close.complete
2026-10-09 15:10:36,940 | DEBUG    | httpcore.connection | connect_tcp.started host='127.0.0.1' port=11434 local_address=None timeout=None socket_options=None
2026-10-09 15:10:36,941 | DEBUG    | httpcore.connection | connect_tcp.complete return_value=<httpcore._backends.sync.SyncStream object at 0x00000173DB1D9EB0>
2026-10-09 15:10:36,941 | DEBUG    | httpcore.http11 | send_request_headers.started request=<Request [b'POST']>
2026-10-09 15:10:36,941 | DEBUG    | httpcore.http11 | send_request_headers.complete
2026-10-09 15:10:36,941 | DEBUG    | httpcore.http11 | send_request_body.started request=<Request [b'POST']>
2026-10-09 15:10:36,942 | DEBUG    | httpcore.http11 | send_request_body.complete
2026-10-09 15:10:36,942 | DEBUG    | httpcore.http11 | receive_response_headers.started request=<Request [b'POST']>
2026-10-09 15:10:37,561 | DEBUG    | httpcore.http11 | receive_response_headers.complete return_value=(b'HTTP/1.1', 200, b'OK', [(b'Content-Type', b'application/json; charset=utf-8'), (b'Date', b'Fri, 09 Oct 2026 09:40:37 GMT'), (b'Transfer-Encoding', b'chunked')])
2026-10-09 15:10:37,562 | INFO     | httpx | HTTP Request: POST http://127.0.0.1:11434/api/embed "HTTP/1.1 200 OK"
2026-10-09 15:10:37,562 | DEBUG    | httpcore.http11 | receive_response_body.started request=<Request [b'POST']>
2026-10-09 15:10:37,562 | DEBUG    | httpcore.http11 | receive_response_body.complete
2026-10-09 15:10:37,562 | DEBUG    | httpcore.http11 | response_closed.started
2026-10-09 15:10:37,562 | DEBUG    | httpcore.http11 | response_closed.complete
2026-10-09 15:10:37,564 | INFO     | src.utils.logger | Retrieved 3 documents.
2026-10-09 15:10:37,564 | INFO     | src.utils.logger | Retrieved 3 documents for the query.
2026-10-09 15:10:37,566 | DEBUG    | httpcore.connection | close.started
2026-10-09 15:10:37,567 | DEBUG    | httpcore.connection | close.complete
2026-10-09 15:10:37,567 | DEBUG    | httpcore.connection | connect_tcp.started host='127.0.0.1' port=11434 local_address=None timeout=None socket_options=None
2026-10-09 15:10:37,568 | DEBUG    | httpcore.connection | connect_tcp.complete return_value=<httpcore._backends.anyio.AnyIOStream object at 0x00000173876900E0>
2026-10-09 15:10:37,569 | DEBUG    | httpcore.http11 | send_request_headers.started request=<Request [b'POST']>
2026-10-09 15:10:37,569 | DEBUG    | httpcore.http11 | send_request_headers.complete
2026-10-09 15:10:37,569 | DEBUG    | httpcore.http11 | send_request_body.started request=<Request [b'POST']>
2026-10-09 15:10:37,569 | DEBUG    | httpcore.http11 | send_request_body.complete
2026-10-09 15:10:37,570 | DEBUG    | httpcore.http11 | receive_response_headers.started request=<Request [b'POST']>
2026-10-09 15:10:38,036 | DEBUG    | httpcore.http11 | receive_response_headers.complete return_value=(b'HTTP/1.1', 200, b'OK', [(b'Content-Type', b'application/json; charset=utf-8'), (b'Date', b'Fri, 09 Oct 2026 09:40:38 GMT'), (b'Content-Length', b'431')])
2026-10-09 15:10:38,037 | INFO     | httpx | HTTP Request: POST http://127.0.0.1:11434/api/chat "HTTP/1.1 200 OK"
2026-10-09 15:10:38,037 | DEBUG    | httpcore.http11 | receive_response_body.started request=<Request [b'POST']>
2026-10-09 15:10:38,037 | DEBUG    | httpcore.http11 | receive_response_body.complete
2026-10-09 15:10:38,037 | DEBUG    | httpcore.http11 | response_closed.started
2026-10-09 15:10:38,038 | DEBUG    | httpcore.http11 | response_closed.complete
2026-10-09 15:10:38,038 | DEBUG    | src.utils.logger | Raw model response: {
    "answer": "I don't have enough information in the provided documents.",
    "sources": []
}
2026-10-09 15:10:38,039 | INFO     | src.utils.logger | RAG response generated successfully.
2026-10-09 15:13:16,174 | INFO     | src.utils.logger | Initializing RAGAgent.
2026-10-09 15:13:16,509 | INFO     | src.utils.logger | OllamaChatClient initialized with model_id: qwen2.5:3b
2026-10-09 15:13:16,509 | INFO     | src.utils.logger | Initializing Ollama embedding model: qwen3-embedding:0.6b
2026-10-09 15:13:17,168 | INFO     | src.utils.logger | Embedding model initialized successfully.
2026-10-09 15:13:17,168 | INFO     | src.utils.logger | Loading FAISS vector store from: D:\RAG\data\vector_store
2026-10-09 15:13:17,173 | DEBUG    | faiss.loader | Environment variable FAISS_OPT_LEVEL is not set, so let's pick the instruction set according to the current CPU
2026-10-09 15:13:17,173 | INFO     | faiss.loader | Loading faiss with AVX512 support.
2026-10-09 15:13:17,173 | INFO     | faiss.loader | Could not load library with AVX512 support due to:
ModuleNotFoundError("No module named 'faiss.swigfaiss_avx512'")
2026-10-09 15:13:17,174 | INFO     | faiss.loader | Loading faiss with AVX2 support.
2026-10-09 15:13:17,174 | INFO     | faiss.loader | Could not load library with AVX2 support due to:
ModuleNotFoundError("No module named 'faiss.swigfaiss_avx2'")
2026-10-09 15:13:17,174 | INFO     | faiss.loader | Loading faiss.
2026-10-09 15:13:17,570 | INFO     | faiss.loader | Successfully loaded faiss.
2026-10-09 15:13:17,583 | INFO     | src.utils.logger | FAISS vector store loaded successfully.
2026-10-09 15:13:17,584 | INFO     | src.utils.logger | FAISS vector store loaded from: D:\RAG\data\vector_store
2026-10-09 15:13:17,622 | INFO     | src.utils.logger | RAGAgent initialized successfully.
2026-10-09 15:13:17,625 | DEBUG    | asyncio | Using proactor: IocpProactor
2026-10-09 15:13:17,627 | INFO     | src.utils.logger | Processing RAG query: hi, im balaji tadisetty and i am student please tell me what rules i must follow
2026-10-09 15:13:17,627 | INFO     | src.utils.logger | Running retrieval query: hi, im balaji tadisetty and i am student please tell me what rules i must follow
2026-10-09 15:13:17,638 | DEBUG    | httpcore.connection | connect_tcp.started host='127.0.0.1' port=11434 local_address=None timeout=None socket_options=None
2026-10-09 15:13:17,639 | DEBUG    | httpcore.connection | connect_tcp.complete return_value=<httpcore._backends.sync.SyncStream object at 0x000001B85808F6B0>
2026-10-09 15:13:17,639 | DEBUG    | httpcore.http11 | send_request_headers.started request=<Request [b'POST']>
2026-10-09 15:13:17,639 | DEBUG    | httpcore.http11 | send_request_headers.complete
2026-10-09 15:13:17,640 | DEBUG    | httpcore.http11 | send_request_body.started request=<Request [b'POST']>
2026-10-09 15:13:17,640 | DEBUG    | httpcore.http11 | send_request_body.complete
2026-10-09 15:13:17,640 | DEBUG    | httpcore.http11 | receive_response_headers.started request=<Request [b'POST']>
2026-10-09 15:13:19,042 | DEBUG    | httpcore.http11 | receive_response_headers.complete return_value=(b'HTTP/1.1', 200, b'OK', [(b'Content-Type', b'application/json; charset=utf-8'), (b'Date', b'Fri, 09 Oct 2026 09:43:19 GMT'), (b'Transfer-Encoding', b'chunked')])
2026-10-09 15:13:19,042 | INFO     | httpx | HTTP Request: POST http://127.0.0.1:11434/api/embed "HTTP/1.1 200 OK"
2026-10-09 15:13:19,043 | DEBUG    | httpcore.http11 | receive_response_body.started request=<Request [b'POST']>
2026-10-09 15:13:19,043 | DEBUG    | httpcore.http11 | receive_response_body.complete
2026-10-09 15:13:19,043 | DEBUG    | httpcore.http11 | response_closed.started
2026-10-09 15:13:19,043 | DEBUG    | httpcore.http11 | response_closed.complete
2026-10-09 15:13:19,044 | INFO     | src.utils.logger | Retrieved 3 documents.
2026-10-09 15:13:19,044 | INFO     | src.utils.logger | Retrieved 3 documents for the query.
2026-10-09 15:13:19,049 | DEBUG    | httpcore.connection | connect_tcp.started host='127.0.0.1' port=11434 local_address=None timeout=None socket_options=None
2026-10-09 15:13:19,050 | DEBUG    | httpcore.connection | connect_tcp.complete return_value=<httpcore._backends.anyio.AnyIOStream object at 0x000001B8580D8E90>
2026-10-09 15:13:19,050 | DEBUG    | httpcore.http11 | send_request_headers.started request=<Request [b'POST']>
2026-10-09 15:13:19,051 | DEBUG    | httpcore.http11 | send_request_headers.complete
2026-10-09 15:13:19,051 | DEBUG    | httpcore.http11 | send_request_body.started request=<Request [b'POST']>
2026-10-09 15:13:19,051 | DEBUG    | httpcore.http11 | send_request_body.complete
2026-10-09 15:13:19,051 | DEBUG    | httpcore.http11 | receive_response_headers.started request=<Request [b'POST']>
2026-10-09 15:13:22,970 | DEBUG    | httpcore.http11 | receive_response_headers.complete return_value=(b'HTTP/1.1', 200, b'OK', [(b'Content-Type', b'application/json; charset=utf-8'), (b'Date', b'Fri, 09 Oct 2026 09:43:22 GMT'), (b'Content-Length', b'1318')])
2026-10-09 15:13:22,971 | INFO     | httpx | HTTP Request: POST http://127.0.0.1:11434/api/chat "HTTP/1.1 200 OK"
2026-10-09 15:13:22,971 | DEBUG    | httpcore.http11 | receive_response_body.started request=<Request [b'POST']>
2026-10-09 15:13:22,972 | DEBUG    | httpcore.http11 | receive_response_body.complete
2026-10-09 15:13:22,972 | DEBUG    | httpcore.http11 | response_closed.started
2026-10-09 15:13:22,972 | DEBUG    | httpcore.http11 | response_closed.complete
2026-10-09 15:13:22,974 | DEBUG    | src.utils.logger | Raw model response: {
    "answer": "You must follow the rules outlined in the student responsibilities section, as well as the examination conduct section. Specifically, you should maintain accurate enrollment information, meet academic deadlines, and comply with published examination procedures. Maintain your student account, keep your contact details current, submit work through the designated academic system before the deadlines, respect the learning environment, and protect your credentials. You should also seek clarification when a rule or deadline is unclear and support your requests for exceptions with relevant evidence. For examination conduct, you must follow instructions from authorized invigilators, do not access unauthorized materials, copy another candidate's work, obtain advance access to examination content, impersonate another student, or remove examination materials without instructions.",
    "sources": ["01_student_handbook.pdf", "03_examination_guidelines.pdf"]
}
2026-10-09 15:13:22,974 | INFO     | src.utils.logger | RAG response generated successfully.
2026-10-09 15:13:32,506 | INFO     | src.utils.logger | Processing RAG query: whats my name
2026-10-09 15:13:32,506 | INFO     | src.utils.logger | Running retrieval query: whats my name
2026-10-09 15:13:32,508 | DEBUG    | httpcore.connection | close.started
2026-10-09 15:13:32,508 | DEBUG    | httpcore.connection | close.complete
2026-10-09 15:13:32,508 | DEBUG    | httpcore.connection | connect_tcp.started host='127.0.0.1' port=11434 local_address=None timeout=None socket_options=None
2026-10-09 15:13:32,509 | DEBUG    | httpcore.connection | connect_tcp.complete return_value=<httpcore._backends.sync.SyncStream object at 0x000001B858107A40>
2026-10-09 15:13:32,509 | DEBUG    | httpcore.http11 | send_request_headers.started request=<Request [b'POST']>
2026-10-09 15:13:32,510 | DEBUG    | httpcore.http11 | send_request_headers.complete
2026-10-09 15:13:32,510 | DEBUG    | httpcore.http11 | send_request_body.started request=<Request [b'POST']>
2026-10-09 15:13:32,511 | DEBUG    | httpcore.http11 | send_request_body.complete
2026-10-09 15:13:32,511 | DEBUG    | httpcore.http11 | receive_response_headers.started request=<Request [b'POST']>
2026-10-09 15:13:32,606 | DEBUG    | httpcore.http11 | receive_response_headers.complete return_value=(b'HTTP/1.1', 200, b'OK', [(b'Content-Type', b'application/json; charset=utf-8'), (b'Date', b'Fri, 09 Oct 2026 09:43:32 GMT'), (b'Transfer-Encoding', b'chunked')])
2026-10-09 15:13:32,606 | INFO     | httpx | HTTP Request: POST http://127.0.0.1:11434/api/embed "HTTP/1.1 200 OK"
2026-10-09 15:13:32,606 | DEBUG    | httpcore.http11 | receive_response_body.started request=<Request [b'POST']>
2026-10-09 15:13:32,608 | DEBUG    | httpcore.http11 | receive_response_body.complete
2026-10-09 15:13:32,608 | DEBUG    | httpcore.http11 | response_closed.started
2026-10-09 15:13:32,608 | DEBUG    | httpcore.http11 | response_closed.complete
2026-10-09 15:13:32,609 | INFO     | src.utils.logger | Retrieved 3 documents.
2026-10-09 15:13:32,609 | INFO     | src.utils.logger | Retrieved 3 documents for the query.
2026-10-09 15:13:32,612 | DEBUG    | httpcore.connection | close.started
2026-10-09 15:13:32,613 | DEBUG    | httpcore.connection | close.complete
2026-10-09 15:13:32,613 | DEBUG    | httpcore.connection | connect_tcp.started host='127.0.0.1' port=11434 local_address=None timeout=None socket_options=None
2026-10-09 15:13:32,615 | DEBUG    | httpcore.connection | connect_tcp.complete return_value=<httpcore._backends.anyio.AnyIOStream object at 0x000001B7F7A878F0>
2026-10-09 15:13:32,615 | DEBUG    | httpcore.http11 | send_request_headers.started request=<Request [b'POST']>
2026-10-09 15:13:32,615 | DEBUG    | httpcore.http11 | send_request_headers.complete
2026-10-09 15:13:32,615 | DEBUG    | httpcore.http11 | send_request_body.started request=<Request [b'POST']>
2026-10-09 15:13:32,617 | DEBUG    | httpcore.http11 | send_request_body.complete
2026-10-09 15:13:32,617 | DEBUG    | httpcore.http11 | receive_response_headers.started request=<Request [b'POST']>
2026-10-09 15:13:33,099 | DEBUG    | httpcore.http11 | receive_response_headers.complete return_value=(b'HTTP/1.1', 200, b'OK', [(b'Content-Type', b'application/json; charset=utf-8'), (b'Date', b'Fri, 09 Oct 2026 09:43:33 GMT'), (b'Content-Length', b'431')])
2026-10-09 15:13:33,099 | INFO     | httpx | HTTP Request: POST http://127.0.0.1:11434/api/chat "HTTP/1.1 200 OK"
2026-10-09 15:13:33,099 | DEBUG    | httpcore.http11 | receive_response_body.started request=<Request [b'POST']>
2026-10-09 15:13:33,100 | DEBUG    | httpcore.http11 | receive_response_body.complete
2026-10-09 15:13:33,100 | DEBUG    | httpcore.http11 | response_closed.started
2026-10-09 15:13:33,100 | DEBUG    | httpcore.http11 | response_closed.complete
2026-10-09 15:13:33,101 | DEBUG    | src.utils.logger | Raw model response: {
    "answer": "I don't have enough information in the provided documents",
    "sources": []
}
2026-10-09 15:13:33,101 | INFO     | src.utils.logger | RAG response generated successfully.
